지번주소,도로명주소,사업장명,좌표정보(X),좌표정보(Y)
서울특별시 중구 남대문로2가 130,"서울특별시 중구 남대문로 73, 6~7층 (남대문로2가, AVENUEL)",롯데시네마 에비뉴엘 <2관>,198333.4709,451313.4129
서울특별시 중구 남대문로2가 130,"서울특별시 중구 남대문로 73, 6~7층 (남대문로2가, AVENUEL)",롯데시네마 에비뉴엘 <3관>,198333.4709,451313.4129
서울특별시 중구 남대문로2가 130,"서울특별시 중구 남대문로 73, 6~7층 (남대문로2가, AVENUEL)",롯데시네마 에비뉴엘 샤롯데관,198333.4709,451313.4129
서울특별시 중구 남대문로2가 130,"서울특별시 중구 남대문로 73, 6~7층 (남대문로2가, AVENUEL)",롯데시네마 에비뉴엘 <1관>,198333.4709,451313.4129
서울특별시 중구 남대문로2가 130,"서울특별시 중구 남대문로 73, 6~7층 (남대문로2가, AVENUEL)",롯데시네마 에비뉴엘 <5관>,198333.4709,451313.4129
서울특별시 강북구 번동 449-1,서울특별시 강북구 도봉로 308 (번동),(주)써니트 롯데시네마 수유,202032.7576,459259.444
서울특별시 마포구 동교동 166-14 동교동 스타피카소,"서울특별시 마포구 양화로 176, 2관 8층 (동교동)",독립영화전용관 인디스페이스,193282.1308,450549.2802
서울특별시 도봉구 방학동 707-6,"서울특별시 도봉구 도봉로 684, 4~5층 (방학동)",CGV 방학 4관,203799.8653,462533.4302
서울특별시 도봉구 방학동 707-6,"서울특별시 도봉구 도봉로 684, 4~5층 (방학동)",CGV 방학 6관,203799.8653,462533.4302
서울특별시 강남구 역삼동 816,서울특별시 강남구 강남대로 422 (역삼동),메가박스 씨티(강남대로)2관,202310.3114,444240.7983
서울특별시 도봉구 방학동 707-6,"서울특별시 도봉구 도봉로 684, 4~5층 (방학동)",CGV 방학 5관,203799.8653,462533.4302
서울특별시 도봉구 방학동 707-6,"서울특별시 도봉구 도봉로 684, 6~7층 (방학동)",CGV 방학 4DX관,203799.8653,462533.4302
서울특별시 강북구 번동 449-1,서울특별시 강북구 도봉로 308 (번동),(주)써니트 롯데시네마 수유,202032.7576,459259.444
서울특별시 강북구 번동 449-1,서울특별시 강북구 도봉로 308 (번동),(주)쎄니트 수유지점 롯데시네마 수유 6관,202032.7576,459259.444
서울특별시 강남구 역삼동 816,서울특별시 강남구 강남대로 422 (역삼동),메가박스 씨티(강남대로)1관,202310.3114,444240.7983
서울특별시 종로구 신문로1가 226 흥국생명빌딩,"서울특별시 종로구 새문안로 68, 흥국생명빌딩 지하2층 (신문로1가)",씨네큐브광화문 2관,197482.2053,451938.3079
서울특별시 종로구 신문로1가 226 흥국생명빌딩,"서울특별시 종로구 새문안로 68, 흥국생명빌딩 지하2층 (신문로1가)",씨네큐브광화문 1관,197482.2053,451938.3079
서울특별시 영등포구 영등포동4가 442 타임스퀘어 4층,"서울특별시 영등포구 영중로 15, 4층 (영등포동4가, 타임스퀘어)",CGV 영등포 제7관,191385.0574,446098.5559
서울특별시 송파구 문정동 618 204동 비162호,"서울특별시 송파구 송파대로 111, 204동 비162호 (문정동, 파크하비오)",메가박스 송파파크하비오점(6관),210868.3975,442053.2279
서울특별시 송파구 문정동 618 204동 비162호,"서울특별시 송파구 송파대로 111, 204동 비162호 (문정동, 파크하비오)",메가박스 송파파크하비오점(1관),210868.3975,442053.2279
서울특별시 송파구 문정동 618 204동 비162호,"서울특별시 송파구 송파대로 111, 204동 비162호 (문정동, 파크하비오)",메가박스 송파파크하비오점(4관),210868.3975,442053.2279
서울특별시 송파구 문정동 618 204동 비162호,"서울특별시 송파구 송파대로 111, 204동 비162호 (문정동, 파크하비오)",메가박스 송파파크하비오점(3관),210868.3975,442053.2279
서울특별시 마포구 성산동 515 월드컵쇼핑몰내 1층,"서울특별시 마포구 월드컵로 240 (성산동,월드컵쇼핑몰내 1층)",메가박스중앙(주) 상암월드컵경기장지점 6관,,
서울특별시 송파구 문정동 618 204동 비162호,"서울특별시 송파구 송파대로 111, 204동 비162호 (문정동, 파크하비오)",메가박스 송파파크하비오점(2관),210868.3975,442053.2279
서울특별시 마포구 성산동 515 월드컵쇼핑몰내 1층,"서울특별시 마포구 월드컵로 240 (성산동,월드컵쇼핑몰내 1층)",메가박스중앙(주) 상암월드컵경기장지점 9관,,
서울특별시 마포구 성산동 515 월드컵쇼핑몰내 1층,"서울특별시 마포구 월드컵로 240 (성산동,월드컵쇼핑몰내 1층)",메가박스중앙(주) 상암월드컵경기장지점 컴포트1관,,
서울특별시 마포구 성산동 515 월드컵쇼핑몰내 1층,"서울특별시 마포구 월드컵로 240 (성산동,월드컵쇼핑몰내 1층)",메가박스중앙(주) 상암월드컵경기장지점 7관,,
서울특별시 마포구 성산동 515 월드컵쇼핑몰내 1층,"서울특별시 마포구 월드컵로 240 (성산동,월드컵쇼핑몰내 1층)",메가박스중앙(주) 상암월드컵경기장지점 8관,,
서울특별시 용산구 한강로3가 40-999,"서울특별시 용산구 한강대로23길 55, 6층 (한강로3가, 현대아이파크몰)",씨지브이 용산아이파크몰 제4관,196762.0774,447480.0396
서울특별시 용산구 한강로3가 16-9 4~5층,"서울특별시 용산구 청파로 74, 4~5층 (한강로3가)",롯데시네마 용산 제6관,196370.7464,447841.6988
서울특별시 마포구 성산동 515 월드컵쇼핑몰내 1층,"서울특별시 마포구 월드컵로 240 (성산동,월드컵쇼핑몰내 1층)",메가박스중앙(주)상암월드컵경기장지점 Dolby Atmos관,,
서울특별시 용산구 한강로3가 16-9 4~5층,"서울특별시 용산구 청파로 74, 4~5층 (한강로3가)",롯데시네마 용산 제2관,196370.7464,447841.6988
서울특별시 용산구 한강로3가 16-9 4~5층,"서울특별시 용산구 청파로 74, 4~5층 (한강로3가)",롯데시네마 용산 제3관,196370.7464,447841.6988
서울특별시 송파구 문정동 618 204동 비162호,"서울특별시 송파구 송파대로 111, 204동 비162호 (문정동, 파크하비오)",메가박스 송파파크하비오점(8관),210868.3975,442053.2279
서울특별시 송파구 문정동 618 204동 비162호,"서울특별시 송파구 송파대로 111, 204동 비162호 (문정동, 파크하비오)",메가박스 송파파크하비오점(7관),210868.3975,442053.2279
서울특별시 송파구 문정동 618 204동 비162호,"서울특별시 송파구 송파대로 111, 204동 비162호 (문정동, 파크하비오)",메가박스 송파파크하비오점(5관),210868.3975,442053.2279
서울특별시 양천구 목동 916 현대백화점 지하2층,"서울특별시 양천구 목동동로 257 (목동,현대백화점 지하2층)",메가박스중앙(주)더부티크목동현대백화점101(COMFORT),188884.0756,447186.8886
서울특별시 양천구 목동 916 현대백화점 지하2층,"서울특별시 양천구 목동동로 257 (목동,현대백화점 지하2층)",메가박스중앙(주)더부티크목동현대백화점102(COMFORT),188884.0756,447186.8886
서울특별시 양천구 목동 916 현대백화점 지하2층,"서울특별시 양천구 목동동로 257 (목동,현대백화점 지하2층)",메가박스중앙(주)더부티크목동현대백화점106(COMFORT),188884.0756,447186.8886
서울특별시 양천구 목동 916 현대백화점 지하2층,"서울특별시 양천구 목동동로 257 (목동,현대백화점 지하2층)",메가박스중앙(주)더부티크목동현대백화점104(COMFORT),188884.0756,447186.8886
서울특별시 노원구 중계동 506-1,서울특별시 노원구 섬밭로 258 (중계동),CGV 하계 제4관,205645.892,459609.0125
서울특별시 서대문구 연희동 194-25,"서울특별시 서대문구 연희로8길 18, 지하1층동 (연희동)",라이카시네마 S관,193828.4361,451433.7896
서울특별시 강남구 삼성동 159,"서울특별시 강남구 영동대로 513 (삼성동, 코엑스)",코엑스 더 부티크 스위트 104호,205130.5917,445590.0968
서울특별시 성북구 돈암동 538-98 아리랑시네센터및아리랑정보도서관,"서울특별시 성북구 아리랑로 82, 아리랑시네센터및아리랑정보도서관 (돈암동)",아리랑시네센터(제1관),201158.1367,455288.7654
서울특별시 성북구 돈암동 538-98 아리랑시네센터및아리랑정보도서관,"서울특별시 성북구 아리랑로 82, 아리랑시네센터및아리랑정보도서관 (돈암동)",아리랑시네센터(제1관),201158.1367,455288.7654
서울특별시 중랑구 상봉동 130-3 상봉뉴월드시네마 4층,서울특별시 중랑구 망우로30길 3 (상봉동),메가박스중앙(주) 상봉지점 3관,206526.0022,454549.1674
서울특별시 성북구 돈암동 538-98,서울특별시 성북구 아리랑로 82 (돈암동),아리랑시네센터 제2관,201158.1367,455288.7654
서울특별시 노원구 상계동 1132-35 3층~9층,"서울특별시 노원구 동일로 1660, 3층~9층 (상계동, 롯데시네마 수락산)",롯데시네마 노원수락산역 제2관,204839.9779,463796.3812
서울특별시 종로구 돈의동 137 지하4층,"서울특별시 종로구 돈화문로5가길 1 (돈의동,지하4층)",CGV 피카디리1958 6관,199155.5449,452083.1255
서울특별시 노원구 중계동 509-2 홈플러스,"서울특별시 노원구 동일로204가길 12 (중계동, 홈플러스)",CGV 중계 제6관,205985.9533,459730.4378
서울특별시 노원구 중계동 509-2 홈플러스,"서울특별시 노원구 동일로204가길 12 (중계동, 홈플러스)",CGV 중계 제5관,205985.9533,459730.4378
서울특별시 용산구 한강로3가 16-9 4~5층,"서울특별시 용산구 청파로 74, 4~5층 (한강로3가)",롯데시네마 용산 제1관,196370.7464,447841.6988
서울특별시 용산구 한강로3가 16-9 4~5층,"서울특별시 용산구 청파로 74, 4~5층 (한강로3가)",롯데시네마 용산 제4관,196370.7464,447841.6988
서울특별시 용산구 한강로3가 16-9 4~5층,"서울특별시 용산구 청파로 74, 4~5층 (한강로3가)",롯데시네마 용산 제5관,196370.7464,447841.6988
서울특별시 노원구 상계동 713,서울특별시 노원구 동일로 1414 (상계동),롯데시네마 노원(제9관),205320.2848,461419.8818
서울특별시 노원구 중계동 509-2 홈플러스,"서울특별시 노원구 동일로204가길 12 (중계동, 홈플러스)",CGV 중계 제2관,205985.9533,459730.4378
서울특별시 노원구 상계동 713,서울특별시 노원구 동일로 1414 (상계동),롯데시네마 노원(제3관),205320.2848,461419.8818
서울특별시 노원구 중계동 509-2 홈플러스,"서울특별시 노원구 동일로204가길 12 (중계동, 홈플러스)",CGV 중계 제1관,205985.9533,459730.4378
서울특별시 관악구 봉천동 862-1 12층,"서울특별시 관악구 남부순환로 1820, 12층 (봉천동, 에그엘로우)",롯데시네마 서울대입구제3관,195703.0437,442094.0858
서울특별시 관악구 봉천동 862-1 12층,"서울특별시 관악구 남부순환로 1820, 12층 (봉천동, 에그엘로우)",롯데시네마 서울대입구제4관,195703.0437,442094.0858
서울특별시 도봉구 방학동 707-6,"서울특별시 도봉구 도봉로 684, 6~7층 (방학동)",CGV 방학 2관,203799.8653,462533.4302
서울특별시 도봉구 방학동 707-6,"서울특별시 도봉구 도봉로 684, 4~5층 (방학동)",CGV 방학 7관,203799.8653,462533.4302
서울특별시 도봉구 방학동 707-6,"서울특별시 도봉구 도봉로 684, 6~7층 (방학동)",CGV 방학 3관,203799.8653,462533.4302
서울특별시 노원구 상계동 1132-35 3층~9층,"서울특별시 노원구 동일로 1660, 3층~9층 (상계동, 롯데시네마 수락산)",롯데시네마 노원수락산역 제5관,204839.9779,463796.3812
서울특별시 노원구 상계동 1132-35 3층~9층,"서울특별시 노원구 동일로 1660, 3층~9층 (상계동, 롯데시네마 수락산)",롯데시네마 노원수락산역 제4관,204839.9779,463796.3812
서울특별시 노원구 상계동 1132-35 3층~9층,"서울특별시 노원구 동일로 1660, 3층~9층 (상계동, 롯데시네마 수락산)",롯데시네마 노원수락산역 제3관,204839.9779,463796.3812
서울특별시 양천구 목동 917-6 행복한세상백화점 7층,"서울특별시 양천구 목동동로 309 (목동,행복한세상백화점 7층)",메가박스중앙(주) 목동지점 COMFORT 2관,188977.1711,447466.355
서울특별시 양천구 목동 917-6 행복한세상백화점 7층,"서울특별시 양천구 목동동로 309 (목동,행복한세상백화점 7층)",메가박스중앙(주) 목동지점 COMFORT 5관,188977.1711,447466.355
서울특별시 마포구 동교동 160-4 아일렉스,"서울특별시 마포구 양화로 147, 아일렉스 7층 (동교동)",메가박스중앙(주) 홍대지점 4관,193046.5347,450424.5645
서울특별시 마포구 동교동 160-4 아일렉스,"서울특별시 마포구 양화로 147, 아일렉스 7층 (동교동)",메가박스중앙(주) 홍대지점 5관,193046.5347,450424.5645
서울특별시 강남구 삼성동 159,"서울특별시 강남구 영동대로 513 (삼성동, 코엑스)",코엑스 컴포트 7관,205130.5917,445590.0968
서울특별시 용산구 한강로3가 40-999,"서울특별시 용산구 한강대로23길 55, 6층 (한강로3가, 현대아이파크몰)",씨지브이 용산아이파크몰 제7관,196762.0774,447480.0396
서울특별시 강남구 삼성동 159,"서울특별시 강남구 영동대로 513 (삼성동, 코엑스)",코엑스 소상영관 A,205130.5917,445590.0968
서울특별시 마포구 동교동 160-4 아일렉스,"서울특별시 마포구 양화로 147, 아일렉스 7층 (동교동)",메가박스중앙(주) 홍대지점 1관,193046.5347,450424.5645
서울특별시 마포구 동교동 160-4 아일렉스,"서울특별시 마포구 양화로 147, 아일렉스 7층 (동교동)",메가박스중앙(주) 홍대지점 2관,193046.5347,450424.5645
서울특별시 강남구 삼성동 159,"서울특별시 강남구 영동대로 513 (삼성동, 코엑스)",코엑스 컴포트 8관,205130.5917,445590.0968
서울특별시 노원구 상계동 1132-35 3층~9층,"서울특별시 노원구 동일로 1660, 3층~9층 (상계동, 롯데시네마 수락산)",롯데시네마 노원수락산역 제1관,204839.9779,463796.3812
서울특별시 서초구 반포동 19-3 센트럴시티 지하1층,"서울특별시 서초구 신반포로 176 (반포동,센트럴시티 지하1층)",메가박스중앙(주) 센트럴 더부티크 103호,200250.4478,444683.2205
서울특별시 서초구 반포동 19-3 센트럴시티 지하1층,"서울특별시 서초구 신반포로 176 (반포동,센트럴시티 지하1층)",메가박스중앙(주) 센트럴 더부티크 102호,200250.4478,444683.2205
서울특별시 노원구 상계동 713,서울특별시 노원구 동일로 1414 (상계동),롯데시네마 노원(제7관),205320.2848,461419.8818
서울특별시 노원구 중계동 509-2 홈플러스,"서울특별시 노원구 동일로204가길 12 (중계동, 홈플러스)",CGV 중계 제4관,205985.9533,459730.4378
서울특별시 중랑구 상봉동 130-3 상봉뉴월드시네마 4층,서울특별시 중랑구 망우로30길 3 (상봉동),메가박스중앙(주) 상봉지점 6관,206526.0022,454549.1674
서울특별시 양천구 목동 916 현대백화점 지하2층,"서울특별시 양천구 목동동로 257 (목동,현대백화점 지하2층)",메가박스중앙(주)더부티크목동현대백화점108(THE BOUTIQUE),188884.0756,447186.8886
서울특별시 노원구 상계동 713,서울특별시 노원구 동일로 1414 (상계동),롯데시네마 노원(제2관),205320.2848,461419.8818
서울특별시 광진구 군자동 477-12번지 ,서울특별시 광진구 능동로 289 (군자동),메가박스 군자6,206852.3609,450393.661
서울특별시 광진구 구의동 546-4 테크노마트10층 ,"서울특별시 광진구 광나루로56길 85, 10층 (구의동, 테크노마트)",CGV강변11 STAR 2관,208394.4164,448165.28
서울특별시 광진구 구의동 546-4 테크노마트10층 ,"서울특별시 광진구 광나루로56길 85, 10층 (구의동, 테크노마트)",CGV강변11 STAR 3관,208394.4164,448165.28
서울특별시 광진구 구의동 546-4 테크노마트10층 ,"서울특별시 광진구 광나루로56길 85, 10층 (구의동, 테크노마트)",CGV강변11 4DX 1관,208394.4164,448165.28
서울특별시 노원구 상계동 713,서울특별시 노원구 동일로 1414 (상계동),롯데시네마 노원(제10관),205320.2848,461419.8818
서울특별시 노원구 중계동 509-2 홈플러스,"서울특별시 노원구 동일로204가길 12 (중계동, 홈플러스)",CGV 중계 제3관,205985.9533,459730.4378
서울특별시 노원구 상계동 713,서울특별시 노원구 동일로 1414 (상계동),롯데시네마 노원(제4관),205320.2848,461419.8818
서울특별시 노원구 상계동 713,서울특별시 노원구 동일로 1414 (상계동),롯데시네마 노원(제5관),205320.2848,461419.8818
서울특별시 노원구 상계동 713,서울특별시 노원구 동일로 1414 (상계동),롯데시네마 노원(제8관),205320.2848,461419.8818
서울특별시 성북구 돈암동 538-98,서울특별시 성북구 아리랑로 82 (돈암동),아리랑시네센터 제1관,201158.1367,455288.7654
서울특별시 노원구 상계동 713,서울특별시 노원구 동일로 1414 (상계동),"롯데시네마 노원(제6관, 아르떼)",205320.2848,461419.8818
서울특별시 중랑구 상봉동 501 ,"서울특별시 중랑구 상봉로 131, 지하1,2층 (상봉동, 상봉듀오트리스주상복합)",CGV상봉1관,208076.3867,455017.5286
서울특별시 양천구 목동 916 현대백화점 지하2층,"서울특별시 양천구 목동동로 257 (목동,현대백화점 지하2층)",메가박스중앙(주)더부티크목동현대백화점103(COMFORT),188884.0756,447186.8886
서울특별시 송파구 신천동 29,"서울특별시 송파구 올림픽로 300, 엔터테인먼트동 5~11층 (신천동, 롯데월드몰)",롯데시네마 월드타워(제21관),209074.9008,445657.8093
서울특별시 노원구 중계동 509-2 홈플러스,"서울특별시 노원구 동일로204가길 12 (중계동, 홈플러스)",CGV 중계 제7관,205985.9533,459730.4378
서울특별시 중랑구 상봉동 130-3 상봉뉴월드시네마 4층,서울특별시 중랑구 망우로30길 3 (상봉동),메가박스중앙(주) 상봉지점 5관,206526.0022,454549.1674
서울특별시 중랑구 상봉동 130-3 상봉뉴월드시네마 4층,서울특별시 중랑구 망우로30길 3 (상봉동),메가박스중앙(주) 상봉지점 4관,206526.0022,454549.1674
서울특별시 관악구 신림동 1641-2 14층,"서울특별시 관악구 신림로 330 (신림동,14층)",롯데시네마 신림 제6관,193754.4274,442407.2012
서울특별시 서대문구 대신동 85 외 6필지 하니솔빌딩 A동 지하1층,"서울특별시 서대문구 성산로 527, B1층 (대신동, 하늬솔빌딩)",필름포럼 1관,195028.4006,451317.9095
서울특별시 서대문구 대신동 85 하늬솔빌딩,"서울특별시 서대문구 성산로 527, 하늬솔빌딩 A동 B1층 (대신동)",필름포럼 2관,195028.4006,451317.9095
서울특별시 동작구 신대방동 686-48 동작 협성휴포레 시그니처,"서울특별시 동작구 시흥대로 606, 지2층 (신대방동, 동작 협성휴포레 시그니처)",롯데시네마 신대방 3관,191555.3544,442679.2088
서울특별시 동작구 신대방동 686-48 동작 협성휴포레 시그니처,"서울특별시 동작구 시흥대로 606, 지2층 (신대방동, 동작 협성휴포레 시그니처)",롯데시네마 신대방 1관,191555.3544,442679.2088
서울특별시 관악구 봉천동 862-1 12층,"서울특별시 관악구 남부순환로 1820, 12층 (봉천동, 에그엘로우)",롯데시네마 서울대입구제5관,195703.0437,442094.0858
서울특별시 동작구 신대방동 686-48 동작 협성휴포레 시그니처,"서울특별시 동작구 시흥대로 606, 지2층 (신대방동, 동작 협성휴포레 시그니처)",롯데시네마 신대방 2관,191555.3544,442679.2088
서울특별시 동작구 신대방동 686-48 동작 협성휴포레 시그니처,"서울특별시 동작구 시흥대로 606, 지2층 (신대방동, 동작 협성휴포레 시그니처)",롯데시네마 신대방 6관,191555.3544,442679.2088
서울특별시 동작구 신대방동 686-48 동작 협성휴포레 시그니처,"서울특별시 동작구 시흥대로 606, 지2층 (신대방동, 동작 협성휴포레 시그니처)",롯데시네마 신대방 4관,191555.3544,442679.2088
서울특별시 관악구 봉천동 862-1 12층,"서울특별시 관악구 남부순환로 1820, 12층 (봉천동, 에그엘로우)",롯데시네마 서울대입구제2관,195703.0437,442094.0858
서울특별시 동작구 신대방동 686-48 동작 협성휴포레 시그니처,"서울특별시 동작구 시흥대로 606, 지2층 (신대방동, 동작 협성휴포레 시그니처)",롯데시네마 신대방 5관,191555.3544,442679.2088
서울특별시 중구 충무로2가 65-9,서울특별시 중구 퇴계로 123 (충무로2가),CGV 명동역 씨네라이브러리 4관,198636.2504,451005.7216
서울특별시 양천구 목동 916 현대백화점 지하2층,"서울특별시 양천구 목동동로 257 (목동,현대백화점 지하2층)",메가박스중앙(주)더부티크목동현대백화점105(COMFORT),188884.0756,447186.8886
서울특별시 양천구 목동 916 현대백화점 지하2층,"서울특별시 양천구 목동동로 257 (목동,현대백화점 지하2층)",메가박스중앙(주)더부티크목동현대백화점107(THE BOUTIQUE),188884.0756,447186.8886
서울특별시 중구 충무로2가 65-9,서울특별시 중구 퇴계로 123 (충무로2가),CGV명동역 씨네라이브러리 3관,198636.2504,451005.7216
서울특별시 중구 충무로2가 65-9,서울특별시 중구 퇴계로 123 (충무로2가),CGV 명동역 씨네라이브러리 5관,198636.2504,451005.7216
서울특별시 관악구 봉천동 862-1 12층,"서울특별시 관악구 남부순환로 1820, 12층 (봉천동, 에그엘로우)",롯데시네마 서울대입구1관,195703.0437,442094.0858
서울특별시 강남구 삼성동 159 코엑스,"서울특별시 강남구 영동대로 513, 코엑스 2~1층 (삼성동)",코엑스 부티크 프라이빗 2호,205130.5917,445590.0968
서울특별시 강남구 삼성동 159 코엑스,"서울특별시 강남구 영동대로 513, 코엑스 지하1층 (삼성동)",코엑스 부티크 프라이빗 1,205130.5917,445590.0968
서울특별시 강남구 삼성동 159,"서울특별시 강남구 영동대로 513 (삼성동, 코엑스)",코엑스 더 부티크105호,205130.5917,445590.0968
서울특별시 영등포구 영등포동 618-496 외 12필지,"서울특별시 영등포구 경인로 846, A동 7~9층 (영등포동, 롯데백화점 영등포점)",롯데시네마 영등포 5관,191741.3458,445970.3076
서울특별시 영등포구 영등포동 618-496 외 12필지,"서울특별시 영등포구 경인로 846, A동 7~9층 (영등포동, 롯데백화점 영등포점)",롯데시네마 영등포 6관,191741.3458,445970.3076
서울특별시 서초구 서초동 1317-20,서울특별시 서초구 서초대로77길 3 (서초동),메가박스중앙(주) 강남 6관,202276.9172,443970.968
서울특별시 영등포구 영등포동 618-496 외 12필지,"서울특별시 영등포구 경인로 846, A동 7~9층 (영등포동, 롯데백화점 영등포점)",롯데시네마 영등포 7관,191741.3458,445970.3076
서울특별시 서초구 서초동 1317-20,서울특별시 서초구 서초대로77길 3 (서초동),메가박스중앙(주) 강남 5관,202276.9172,443970.968
서울특별시 서초구 서초동 1317-20,서울특별시 서초구 서초대로77길 3 (서초동),메가박스중앙(주) 강남 4관,202276.9172,443970.968
서울특별시 영등포구 영등포동 618-496 외 12필지,"서울특별시 영등포구 경인로 846, A동 7~9층 (영등포동, 롯데백화점 영등포점)",롯데시네마 영등포 1관,191741.3458,445970.3076
서울특별시 마포구 성산동 515 월드컵쇼핑몰내 1층,"서울특별시 마포구 월드컵로 240 (성산동,월드컵쇼핑몰내 1층)",메가박스중앙(주) 상암월드컵경기장지점 3관,,
서울특별시 마포구 성산동 515 월드컵쇼핑몰내 1층,"서울특별시 마포구 월드컵로 240 (성산동,월드컵쇼핑몰내 1층)",메가박스중앙(주) 상암월드컵경기장지점 4관,,
서울특별시 영등포구 영등포동 618-496 외 12필지,"서울특별시 영등포구 경인로 846, A동 7~9층 (영등포동, 롯데백화점 영등포점)",롯데시네마 영등포 4관,191741.3458,445970.3076
서울특별시 마포구 성산동 515 월드컵쇼핑몰내 1층,"서울특별시 마포구 월드컵로 240 (성산동,월드컵쇼핑몰내 1층)",메가박스중앙(주) 상암월드컵경기장지점 5관,,
서울특별시 서초구 반포동 19-3 센트럴시티 지하1층,"서울특별시 서초구 신반포로 176 (반포동,센트럴시티 지하1층)",메가박스중앙(주) 센트럴 더부티크 104호,200250.4478,444683.2205
서울특별시 영등포구 영등포동 618-496 외 12필지,"서울특별시 영등포구 경인로 846, A동 7~9층 (영등포동, 롯데백화점 영등포점)",롯데시네마 영등포 2관,191741.3458,445970.3076
서울특별시 중랑구 상봉동 130-3 상봉뉴월드시네마 4층,서울특별시 중랑구 망우로30길 3 (상봉동),메가박스중앙(주) 상봉지점 7관,206526.0022,454549.1674
서울특별시 영등포구 영등포동 618-496 외 12필지,"서울특별시 영등포구 경인로 846, A동 7~9층 (영등포동, 롯데백화점 영등포점)",롯데시네마 영등포 3관,191741.3458,445970.3076
서울특별시 양천구 목동 917-6 행복한세상백화점 7층,"서울특별시 양천구 목동동로 309 (목동,행복한세상백화점 7층)",메가박스중앙(주) 목동지점 COMFORT 6관,188977.1711,447466.355
서울특별시 영등포구 여의도동 23,"서울특별시 영등포구 국제금융로 10, B3층 (여의도동, IFC)",CGV여의도 5관 [CGV아트하우스],193326.931,446973.9146
서울특별시 영등포구 여의도동 23,"서울특별시 영등포구 국제금융로 10, B3층 (여의도동, IFC)",CGV여의도 6관,193326.931,446973.9146
서울특별시 영등포구 여의도동 23,"서울특별시 영등포구 국제금융로 10, B3층 (여의도동, IFC)",CGV여의도 4관[COMFORT SEAT],193326.931,446973.9146
서울특별시 중구 을지로6가 18-21 굿모닝시티,"서울특별시 중구 장충단로 247 (을지로6가,굿모닝시티)",메가박스중앙(주) 동대문점 8관,200573.6413,451621.0365
서울특별시 영등포구 여의도동 23,"서울특별시 영등포구 국제금융로 10, B3층 (여의도동, IFC)",CGV여의도 3관(VeatBox관),193326.931,446973.9146
서울특별시 중구 을지로6가 18-21 굿모닝시티,"서울특별시 중구 장충단로 247 (을지로6가,굿모닝시티)",메가박스중앙(주) 동대문점 5관,200573.6413,451621.0365
서울특별시 영등포구 여의도동 23,"서울특별시 영등포구 국제금융로 10, B3층 (여의도동, IFC)",CGV여의도 2관,193326.931,446973.9146
서울특별시 중구 을지로6가 18-21 굿모닝시티,"서울특별시 중구 장충단로 247 (을지로6가,굿모닝시티)",메가박스중앙(주) 동대문점 4관,200573.6413,451621.0365
서울특별시 영등포구 여의도동 23,"서울특별시 영등포구 국제금융로 10, B3층 (여의도동, IFC)",CGV여의도 1관,193326.931,446973.9146
서울특별시 동작구 사당동 147-53 골든씨네마 7층,"서울특별시 동작구 동작대로 89 (사당동,골든씨네마 7층)",메가박스(주) 이수지점,198295.8433,442507.6991
서울특별시 강남구 삼성동 159,"서울특별시 강남구 영동대로 513 (삼성동, 코엑스)",코엑스 컴포트 9관,205130.5917,445590.0968
서울특별시 영등포구 여의도동 23 IFC,"서울특별시 영등포구 국제금융로 10, B3층 (여의도동, IFC)",CGV여의도 7관(TEMPUR CINEMA관),193326.931,446973.9146
서울특별시 동작구 사당동 147-53 골든씨네마 7층,"서울특별시 동작구 동작대로 89 (사당동,골든씨네마 7층)",메가박스(주) 이수지점,198295.8433,442507.6991
서울특별시 영등포구 여의도동 23,"서울특별시 영등포구 국제금융로 10, B3층 (여의도동, IFC)",CGV여의도 9관,193326.931,446973.9146
서울특별시 동작구 사당동 147-53 골든씨네마 7층,"서울특별시 동작구 동작대로 89 (사당동,골든씨네마 7층)",메가박스(주) 이수지점,198295.8433,442507.6991
서울특별시 중구 을지로6가 18-21 굿모닝시티,"서울특별시 중구 장충단로 247 (을지로6가,굿모닝시티)",메가박스중앙(주) 동대문점 3관,200573.6413,451621.0365
서울특별시 중구 을지로6가 18-21 굿모닝시티,"서울특별시 중구 장충단로 247 (을지로6가,굿모닝시티)",메가박스중앙(주) 동대문점 COMFORT 1관,200573.6413,451621.0365
서울특별시 중구 을지로6가 18-21 굿모닝시티,"서울특별시 중구 장충단로 247 (을지로6가,굿모닝시티)",메가박스중앙(주) 동대문점 2관,200573.6413,451621.0365
서울특별시 동작구 사당동 147-53 골든씨네마 7층,"서울특별시 동작구 동작대로 89 (사당동,골든씨네마 7층)",메가박스(주) 이수지점,198295.8433,442507.6991
서울특별시 영등포구 여의도동 23,"서울특별시 영등포구 국제금융로 10, B3층 (여의도동, IFC)",CGV여의도 8관[COMFORT SEAT],193326.931,446973.9146
서울특별시 동작구 사당동 147-53 골든씨네마 7층,"서울특별시 동작구 동작대로 89 (사당동,골든씨네마 7층)",메가박스(주) 이수지점,198295.8433,442507.6991
서울특별시 강남구 삼성동 159,"서울특별시 강남구 영동대로 513 (삼성동, 코엑스)",코엑스 컴포트 10관,205130.5917,445590.0968
서울특별시 강남구 삼성동 159,"서울특별시 강남구 영동대로 513 (삼성동, 코엑스)",코엑스 102호 스위트룸,205130.5917,445590.0968
서울특별시 송파구 문정동 618 204동 비162호,"서울특별시 송파구 송파대로 111, 204동 비162호 (문정동, 파크하비오)",메가박스 송파파크하비오점(9관),210868.3975,442053.2279
서울특별시 중랑구 묵동 234-1 ,서울특별시 중랑구 동일로 951 (묵동),롯데시네마 중랑관 3관,206641.2692,456981.0858
서울특별시 중랑구 묵동 234-1 ,서울특별시 중랑구 동일로 951 (묵동),롯데시네마 중랑관 4관,206641.2692,456981.0858
서울특별시 중랑구 묵동 234-1 ,서울특별시 중랑구 동일로 951 (묵동),롯데시네마 중랑관 7관,206641.2692,456981.0858
서울특별시 마포구 동교동 166-14 동교동 스타피카소 ,"서울특별시 마포구 양화로 176, 동교동 스타피카소 8층 (동교동)",독립영화전용관 인디스페이스,193282.1308,450549.2802
서울특별시 종로구 낙원동 284-6번지 ,서울특별시 종로구 삼일대로 428 (낙원동),허리우드클래식,198852.9597,452253.9426
서울특별시 동작구 사당동 147-53 골든씨네마 7층,"서울특별시 동작구 동작대로 89 (사당동,골든씨네마 7층)",메가박스(주) 이수지점,198295.8433,442507.6991
서울특별시 강남구 삼성동 159,"서울특별시 강남구 영동대로 513 (삼성동, 코엑스)",코엑스 컴포트 5관,205130.5917,445590.0968
서울특별시 종로구 낙원동 284-6번지 ,"서울특별시 종로구 삼일대로 428, 4층 (낙원동)",낭만극장,198852.9597,452253.9426
서울특별시 종로구 신문로2가 1-181번지 ,"서울특별시 종로구 경희궁1가길 7, 2층 (신문로2가, 복합문화공간에무)",에무 시네마 1관,197193.7713,452199.4288
서울특별시 종로구 신문로2가 1-181번지 복합문화공간 에무 3층 ,"서울특별시 종로구 경희궁1가길 7, 복합문화공간 에무 3층 (신문로2가)",에무 시네마 2관,197193.7713,452199.4288
서울특별시 종로구 명륜2가 41-9 지하3층 ,"서울특별시 종로구 대명길 28 (명륜2가,지하3층)",CGV 대학로 1관,199916.8335,453462.4209
서울특별시 종로구 명륜2가 41-9 지하3층 ,"서울특별시 종로구 대명길 28 (명륜2가,지하3층)",CGV 대학로 2관,199916.8335,453462.4209
서울특별시 종로구 명륜2가 41-9 지하2층 ,"서울특별시 종로구 대명길 28 (명륜2가,지하2층)",CGV 대학로 3관,199916.8335,453462.4209
서울특별시 종로구 명륜2가 41-9 지하2층 ,"서울특별시 종로구 대명길 28 (명륜2가,지하2층)",CGV 대학로 4관,199916.8335,453462.4209
서울특별시 중구 초동 41번지 ,,스카라극장,,
서울특별시 종로구 명륜2가 41-9 3층 ,"서울특별시 종로구 대명길 28 (명륜2가,3층)",CGV 대학로 7관,199916.8335,453462.4209
서울특별시 종로구 명륜2가 41-9 4층 ,"서울특별시 종로구 대명길 28 (명륜2가,4층)",CGV 대학로 8관,199916.8335,453462.4209
서울특별시 종로구 돈의동 137 지하2층 ,"서울특별시 종로구 돈화문로5가길 1 (돈의동,지하2층)",CGV피카디리1958 1관,199155.5427,452083.1231
서울특별시 종로구 명륜2가 41-9 대학로CGV 2층,"서울특별시 종로구 대명길 28, 대학로CGV 2층 (명륜2가)",CGV 대학로 6관,199916.8335,453462.4209
서울특별시 강남구 삼성동 159,"서울특별시 강남구 영동대로 513 (삼성동, 코엑스)",코엑스 103호 스위트룸,205130.5917,445590.0968
서울특별시 종로구 돈의동 137 지하2층 ,"서울특별시 종로구 돈화문로5가길 1 (돈의동,지하2층)",CGV피카디리1958 3관,199155.5427,452083.1231
서울특별시 종로구 돈의동 137 지하4층 ,"서울특별시 종로구 돈화문로5가길 1 (돈의동,지하4층)",CGV피카디리1958 4관,199155.5427,452083.1231
서울특별시 종로구 돈의동 137 지하4층 ,"서울특별시 종로구 돈화문로5가길 1 (돈의동,지하4층)",CGV피카디리1958 5관,199155.5427,452083.1231
서울특별시 종로구 명륜2가 41-9 지하1층,"서울특별시 종로구 대명길 28 (명륜2가,지하1층)",CGV 대학로 5관,199916.8335,453462.4209
서울특별시 종로구 돈의동 137 피카디리플러스,"서울특별시 종로구 돈화문로5가길 1, 지하2층 (돈의동)",CGV 피카디리1958 2관,199155.5449,452083.1255
서울특별시 중구 충무로4가 125-18 ,서울특별시 중구 퇴계로 212 (충무로4가),대한극장(6관),199532.8921,451004.6367
서울특별시 중구 충무로4가 125-18 ,서울특별시 중구 퇴계로 212 (충무로4가),대한극장(7관),199532.8921,451004.6367
서울특별시 중구 충무로4가 125-18 ,서울특별시 중구 퇴계로 212 (충무로4가),대한극장(8관),199532.8921,451004.6367
서울특별시 중구 초동 18-5번지 ,서울특별시 중구 마른내로 47  (초동),"명보 <<1,2,5관>>",199332.2989,451378.468
서울특별시 중구 충정로1가 68번지 ,"서울특별시 중구 새문안로 22 (충정로1가, 문화일보)",청춘극장,197164.2265,451647.6741
서울특별시 중구 을지로6가 17-2 현대시티타워 ,"서울특별시 중구 장충단로13길 20, 현대시티타워 10층 (을지로6가)",CGV 동대문 제1관,200613.5103,451817.5154
서울특별시 서초구 서초동 1317-20,서울특별시 서초구 서초대로77길 3 (서초동),메가박스중앙(주) 강남 3관,202276.9172,443970.968
서울특별시 서초구 서초동 1317-20,서울특별시 서초구 서초대로77길 3 (서초동),메가박스중앙(주) 강남 2관,202276.9172,443970.968
서울특별시 서초구 반포동 19-3 센트럴시티 지하1층,"서울특별시 서초구 신반포로 176 (반포동,센트럴시티 지하1층)",메가박스중앙(주) 센트럴 더부티크 105호,200250.4478,444683.2205
서울특별시 중구 을지로6가 18-21 굿모닝시티,"서울특별시 중구 장충단로 247 (을지로6가,굿모닝시티)",메가박스중앙(주) 동대문점 6관,200573.6413,451621.0365
서울특별시 중랑구 묵동 234-1 ,서울특별시 중랑구 동일로 951 (묵동),롯데시네마 중랑관 5관,206641.2692,456981.0858
서울특별시 중구 충무로2가 65-9번지 ,서울특별시 중구 퇴계로 123  (충무로2가),인사이드시네마,198636.2504,451005.7216
서울특별시 중구 을지로6가 18-21 굿모닝시티,"서울특별시 중구 장충단로 247 (을지로6가,굿모닝시티)",메가박스중앙(주) 동대문점 7관,200573.6413,451621.0365
서울특별시 중구 충무로2가 65-9 ,서울특별시 중구 퇴계로 123 (충무로2가),CGV명동역 씨네라이브러리 ART 1관,198636.2504,451005.7216
서울특별시 중구 필동2가 19-1 ,서울특별시 중구 퇴계로 212 (필동2가),대한극장(4관),199519.6498,450977.2505
서울특별시 서대문구 신촌동 74-12 5층,"서울특별시 서대문구 신촌역로 30 (신촌동,5층)",메가박스중앙(주)신촌지점 5관,194798.4584,450837.0517
서울특별시 중구 봉래동2가 122번지 서울역 ,"서울특별시 중구 청파로 426 (봉래동2가,서울역)",KTX시네마,197243.2153,450655.1042
서울특별시 서대문구 신촌동 74-12,서울특별시 서대문구 신촌역로 30 (신촌동),메가박스중앙(주)신촌지점 6관,194798.4584,450837.0517
서울특별시 서초구 서초동 1317-20,서울특별시 서초구 서초대로77길 3 (서초동),메가박스중앙(주) 강남 7관,202276.9172,443970.968
서울특별시 중구 정동 22 경향신문사,"서울특별시 중구 정동길 3, 경향신문사 2층 (정동)",서울아트시네마,197279.3284,451765.4265
서울특별시 중구 을지로6가 17-2 현대시티타워 ,"서울특별시 중구 장충단로13길 20, 현대시티타워 10층 (을지로6가)",CGV 동대문 제4관,200613.5103,451817.5154
서울특별시 중구 을지로6가 17-2 현대시티타워 ,"서울특별시 중구 장충단로13길 20, 현대시티타워 10층 (을지로6가)",CGV 동대문 제5관,200613.5103,451817.5154
서울특별시 중구 을지로6가 17-2 현대시티타워 ,"서울특별시 중구 장충단로13길 20, 현대시티타워 10층 (을지로6가)",CGV 동대문 제6관,200613.5103,451817.5154
서울특별시 중구 을지로6가 17-2 현대시티타워 ,"서울특별시 중구 장충단로13길 20, 현대시티타워 10층 (을지로6가)",CGV 동대문 제2관,200613.5103,451817.5154
서울특별시 중구 을지로6가 17-2 현대시티타워 ,"서울특별시 중구 장충단로13길 20, 현대시티타워 10층 (을지로6가)",CGV 동대문 제3관,200613.5103,451817.5154
서울특별시 중구 충무로2가 65-9번지 ,서울특별시 중구 퇴계로 123  (충무로2가),인사이드시네마,198636.2504,451005.7216
서울특별시 중구 충무로4가 125-18 ,서울특별시 중구 퇴계로 212 (충무로4가),대한극장(3관),199532.8921,451004.6367
서울특별시 중구 충무로4가 125-18 ,서울특별시 중구 퇴계로 212 (충무로4가),대한극장(5관),199532.8921,451004.6367
서울특별시 중구 충무로4가 125-18 ,서울특별시 중구 퇴계로 212 (충무로4가),대한극장(10관),199532.8921,451004.6367
서울특별시 중구 명동2가 83-5 아바타빌딩 8층 ,"서울특별시 중구 명동길 14 (명동2가,아바타빌딩 8층)",CGV 명동 3관,198418.7417,451237.1686
서울특별시 중구 명동2가 83-5 아바타빌딩 8층 ,"서울특별시 중구 명동길 14 (명동2가,아바타빌딩 8층)",CGV 명동 4관,198418.7417,451237.1686
서울특별시 중구 장충동2가 201-6번지 ,서울특별시 중구 장충단로 72 (장충동2가),씨너스 이오이(EOE)4 남산자동차극장,200154.6929,449919.6278
서울특별시 중구 필동2가 19-1 ,서울특별시 중구 퇴계로 212 (필동2가),대한극장(9관),199519.6498,450977.2505
서울특별시 중구 충무로1가 24-23번지 캣츠빌딩 ,"서울특별시 중구 명동8나길 15  (충무로1가,캣츠빌딩)",씨큐엔(CQN)명동1관,198527.0993,450998.0734
서울특별시 중구 명동2가 83-5 아바타빌딩 8층 ,"서울특별시 중구 명동길 14 (명동2가,아바타빌딩 8층)",CGV 명동 5관,198418.7417,451237.1686
서울특별시 중구 충무로4가 125-18 ,서울특별시 중구 퇴계로 212 (충무로4가),대한극장(2관),199532.8921,451004.6367
서울특별시 중구 충무로4가 125-18 ,서울특별시 중구 퇴계로 212 (충무로4가),대한극장(11관),199532.8921,451004.6367
서울특별시 중구 충무로4가 131-6번지 ,서울특별시 중구 퇴계로 211-5  (충무로4가),극동극장,199498.592,451071.935
서울특별시 중구 충무로1가 24-23번지 캣츠빌딩 ,"서울특별시 중구 명동8나길 15  (충무로1가,캣츠빌딩)",씨큐엔(CQN)명동2관,198527.0993,450998.0734
서울특별시 중랑구 묵동 234-1 ,서울특별시 중랑구 동일로 951 (묵동),롯데시네마 중랑관 6관,206641.2692,456981.0858
서울특별시 중구 충무로1가 24-23번지 캣츠빌딩 ,"서울특별시 중구 명동8나길 15  (충무로1가,캣츠빌딩)",씨큐엔(CQN)명동3관,198527.0993,450998.0734
서울특별시 중구 충무로1가 24-23번지 캣츠빌딩 ,"서울특별시 중구 명동8나길 15  (충무로1가,캣츠빌딩)",씨큐엔(CQN)명동4관,198527.0993,450998.0734
서울특별시 중구 충무로1가 24-23번지 캣츠빌딩 ,"서울특별시 중구 명동8나길 15  (충무로1가,캣츠빌딩)",씨큐엔(CQN)명동5관,198527.0993,450998.0734
서울특별시 중구 필동2가 19-1 ,서울특별시 중구 퇴계로 212 (필동2가),대한극장(1관),199519.6498,450977.2505
서울특별시 중구 충무로2가 65-9 ,서울특별시 중구 퇴계로 123 (충무로2가),CGV명동역 씨네라이브러리 ART 2관,198636.2504,451005.7216
서울특별시 중구 초동 19-4번지 초동빌딩3층 ,"서울특별시 중구 마른내로 41  (초동,초동빌딩3층)",시네아스트극장,199267.1079,451366.7791
서울특별시 중구 명동2가 83-5 아바타빌딩 8층 ,"서울특별시 중구 명동길 14 (명동2가,아바타빌딩 8층)",CGV 명동 2관,198418.7417,451237.1686
서울특별시 중구 충무로2가 65-9 ,서울특별시 중구 퇴계로 123 (충무로2가),CGV 명동 1관,198636.2504,451005.7216
"서울특별시 중구 충무로1가 24-23번지 8,9,10층 ","서울특별시 중구 명동8나길 15  (충무로1가,8,9,10층)",명동시네마,198527.0993,450998.0734
서울특별시 용산구 한강로3가 40-999 ,"서울특별시 용산구 한강대로23길 55, 6층 (한강로3가, 현대아이파크몰)",씨지브이 용산아이파크몰 제2관,196762.0774,447480.0396
서울특별시 용산구 한강로3가 40-999 ,"서울특별시 용산구 한강대로23길 55, 6층 (한강로3가, 현대아이파크몰)",씨지브이 용산아이파크몰 제8관,196762.0774,447480.0396
서울특별시 용산구 한강로3가 40-961 ,"서울특별시 용산구 한강대로23길 55, 6층 (한강로3가, 현대아이파크몰)",씨지브이 용산아이파크몰 제11관,196864.3606,447707.4033
서울특별시 용산구 한강로3가 40-961 ,"서울특별시 용산구 한강대로23길 55, 6층 (한강로3가, 현대아이파크몰)",씨지브이 용산아이파크몰 제18관,196864.3606,447707.4033
서울특별시 용산구 한강로3가 40-961 ,"서울특별시 용산구 한강대로23길 55, 6층 (한강로3가, 현대아이파크몰)",씨지브이 용산아이파크몰 제19관,196864.3606,447707.4033
서울특별시 용산구 한강로3가 40-961 ,"서울특별시 용산구 한강대로23길 55, 6층 (한강로3가, 현대아이파크몰)",씨지브이 용산아이파크몰 제20관,196864.3606,447707.4033
서울특별시 용산구 한강로3가 40-999 ,"서울특별시 용산구 한강대로23길 55, 6층 (한강로3가, 현대아이파크몰)",씨지브이 용산아이파크몰 제3관,196762.0774,447480.0396
서울특별시 용산구 한강로3가 40-999 ,"서울특별시 용산구 한강대로23길 55 (한강로3가, 현대아이파크몰)",씨지브이 용산아이파크몰 제9관,196762.0774,447480.0396
서울특별시 용산구 한강로3가 16-9 4~5층 ,"서울특별시 용산구 청파로 74, 4~5층 (한강로3가)",롯데시네마 용산 제7관,196370.7464,447841.6988
서울특별시 용산구 한강로3가 40-961 ,"서울특별시 용산구 한강대로23길 55, 6층 (한강로3가, 현대아이파크몰)",씨지브이 용산아이파크몰 제13관,196864.3606,447707.4033
서울특별시 용산구 한강로3가 40-961 ,"서울특별시 용산구 한강대로23길 55, 6층 (한강로3가, 현대아이파크몰)",씨지브이 용산아이파크몰 제14관,196864.3606,447707.4033
서울특별시 서초구 반포동 19-3 센트럴시티 지하1층,"서울특별시 서초구 신반포로 176 (반포동,센트럴시티 지하1층)",메가박스중앙(주) 센트럴 더부티크 101호,200250.4478,444683.2205
서울특별시 용산구 한강로3가 40-999 ,"서울특별시 용산구 한강대로23길 55, 6층 (한강로3가, 현대아이파크몰)",씨지브이 용산아이파크몰 제10관,196762.0774,447480.0396
서울특별시 용산구 한강로3가 40-961 ,"서울특별시 용산구 한강대로23길 55, 6층 (한강로3가, 현대아이파크몰)",씨지브이 용산아이파크몰 제15관,196864.3606,447707.4033
서울특별시 용산구 한강로3가 40-999 ,"서울특별시 용산구 한강대로23길 55, 6층 (한강로3가, 현대아이파크몰)",씨지브이 용산아이파크몰 제5관,196762.0774,447480.0396
서울특별시 용산구 한강로3가 40-999 ,"서울특별시 용산구 한강대로23길 55, 6층 (한강로3가, 현대아이파크몰)",씨지브이 용산아이파크몰 제6관,196762.0774,447480.0396
서울특별시 용산구 한강로3가 40-961 ,"서울특별시 용산구 한강대로23길 55, 6층 (한강로3가, 현대아이파크몰)",씨지브이 용산아이파크몰 제12관,196864.3606,447707.4033
서울특별시 용산구 한강로3가 16-9 4~5층 ,"서울특별시 용산구 청파로 74, 4~5층 (한강로3가)",롯데시네마 용산 제8관,196370.7464,447841.6988
서울특별시 용산구 한강로3가 40-999 ,"서울특별시 용산구 한강대로23길 55 (한강로3가, 현대아이파크몰 6층)",씨지브이 용산아이파크몰 제1관,196762.0774,447480.0396
서울특별시 용산구 한강로3가 40-961 ,"서울특별시 용산구 한강대로23길 55, 6층 (한강로3가, 현대아이파크몰)",씨지브이 용산아이파크몰 제17관,196864.3606,447707.4033
서울특별시 용산구 한강로3가 40-961 ,"서울특별시 용산구 한강대로23길 55, 6층 (한강로3가, 현대아이파크몰)",씨지브이 용산아이파크몰 제16관,196864.3606,447707.4033
서울특별시 성동구 성수동1가 656-335 메가박스 스퀘어,"서울특별시 성동구 왕십리로 50, 메가박스 스퀘어 3층 (성수동1가)",메가박스중앙(주) 성수지점 1관,203903.3536,448846.8202
서울특별시 성동구 행당동 168-151 왕십리민자역사 ,"서울특별시 성동구 왕십리광장로 17, 왕십리민자역사 5층 (행당동)",CGV 왕십리 9관,203321.5623,451001.8687
서울특별시 성동구 행당동 168-151 왕십리민자역사 ,"서울특별시 성동구 왕십리광장로 17, 왕십리민자역사 5층 (행당동)",CGV 왕십리 5관,203321.5623,451001.8687
서울특별시 성동구 행당동 168-151 왕십리민자역사 ,"서울특별시 성동구 왕십리광장로 17, 왕십리민자역사 5층 (행당동)",CGV 왕십리 3관,203321.5623,451001.8687
서울특별시 성동구 행당동 168-151 왕십리민자역사 ,"서울특별시 성동구 왕십리광장로 17, 왕십리민자역사 5층 (행당동)",CGV 왕십리 4관,203321.5623,451001.8687
서울특별시 성동구 행당동 168-151 왕십리민자역사 ,"서울특별시 성동구 왕십리광장로 17, 왕십리민자역사 5층 (행당동)",CGV 왕십리 6관,203321.5623,451001.8687
서울특별시 성동구 행당동 168-151 왕십리민자역사 ,"서울특별시 성동구 왕십리광장로 17, 왕십리민자역사 5층 (행당동)",CGV 왕십리 7관,203321.5623,451001.8687
서울특별시 성동구 행당동 168-151 왕십리민자역사 ,"서울특별시 성동구 왕십리광장로 17, 왕십리민자역사 5층 (행당동)",CGV 왕십리 1관,203321.5623,451001.8687
서울특별시 성동구 행당동 168-151 왕십리민자역사 ,"서울특별시 성동구 왕십리광장로 17, 왕십리민자역사 5층 (행당동)",CGV 왕십리 2관,203321.5623,451001.8687
서울특별시 성동구 행당동 168-151 왕십리민자역사 ,"서울특별시 성동구 왕십리광장로 17, 왕십리민자역사 5층 (행당동)",CGV 왕십리 10관,203321.5623,451001.8687
서울특별시 성동구 행당동 168-151 왕십리민자역사 ,"서울특별시 성동구 왕십리광장로 17, 왕십리민자역사 5층 (행당동)",CGV 왕십리 8관,203321.5623,451001.8687
서울특별시 서대문구 신촌동 74-12 5층,"서울특별시 서대문구 신촌역로 30 (신촌동,5층)",메가박스중앙(주)신촌지점 8관,194798.4584,450837.0517
서울특별시 광진구 자양동 227-7 더샵스타시티 ,"서울특별시 광진구 아차산로 272, 더샵스타시티 (자양동)",롯데시네마 건대입구관 (제2관),206349.675,448396.9397
서울특별시 광진구 자양동 9-4 몰오브케이 ,"서울특별시 광진구 아차산로30길 26, 몰오브케이 3층 (자양동)",CGV 건대입구 제1관,205845.9467,448616.8477
서울특별시 광진구 자양동 9-4 몰오브케이 ,"서울특별시 광진구 아차산로30길 26, 몰오브케이 3층 (자양동)",CGV 건대입구 제2관,205845.9467,448616.8477
서울특별시 광진구 자양동 9-4 몰오브케이 ,"서울특별시 광진구 아차산로30길 26, 몰오브케이 4층 (자양동)",CGV 건대입구 제3관,205845.9467,448616.8477
서울특별시 광진구 자양동 9-4 몰오브케이 ,"서울특별시 광진구 아차산로30길 26, 몰오브케이 4층 (자양동)",CGV 건대입구 제4관,205845.9467,448616.8477
서울특별시 광진구 자양동 9-4 몰오브케이 ,"서울특별시 광진구 아차산로30길 26, 몰오브케이 4층 (자양동)",CGV 건대입구 제5관,205845.9467,448616.8477
서울특별시 광진구 자양동 227-7 더샵스타시티 ,"서울특별시 광진구 아차산로 272, 더샵스타시티 (자양동)",롯데시네마 건대입구관 (제5관),206349.675,448396.9397
서울특별시 광진구 자양동 227-7 더샵스타시티 ,"서울특별시 광진구 아차산로 272, 더샵스타시티 (자양동)",롯데시네마 건대입구관 (제6관),206349.675,448396.9397
서울특별시 광진구 자양동 227-7 더샵스타시티 ,"서울특별시 광진구 아차산로 272, 더샵스타시티 (자양동)",롯데시네마 건대입구관 (제3관),206349.675,448396.9397
서울특별시 광진구 자양동 227-7 더샵스타시티 ,"서울특별시 광진구 아차산로 272, 더샵스타시티 (자양동)",롯데시네마 건대입구관 (제1관),206349.675,448396.9397
서울특별시 광진구 화양동 1번지 건국대학교 예술문화대학 지하1층 ,,KU시네마테크,206445.8811,448922.8817
서울특별시 서대문구 신촌동 74-12 5층,"서울특별시 서대문구 신촌역로 30 (신촌동,5층)",메가박스중앙(주) 신촌지점 3관,194798.4584,450837.0517
서울특별시 광진구 구의동 546-4 테크노마트10층 ,"서울특별시 광진구 광나루로56길 85, 10층 (구의동, 테크노마트)",CGV강변11 제5관,208394.4164,448165.28
서울특별시 광진구 구의동 546-4 테크노마트10층 ,"서울특별시 광진구 광나루로56길 85, 10층 (구의동, 테크노마트)",CGV강변11 제6관,208394.4164,448165.28
서울특별시 광진구 구의동 546-4 테크노마트10층 ,"서울특별시 광진구 광나루로56길 85, 10층 (구의동, 테크노마트)",CGV강변11 제7관,208394.4164,448165.28
서울특별시 광진구 구의동 546-4 테크노마트10층 ,"서울특별시 광진구 광나루로56길 85, 10층 (구의동, 테크노마트)",CGV강변11 제8관,208394.4164,448165.28
서울특별시 광진구 구의동 546-4 테크노마트10층 ,"서울특별시 광진구 광나루로56길 85, 10층 (구의동, 테크노마트)",CGV강변11 제9관,208394.4164,448165.28
서울특별시 광진구 구의동 546-4 테크노마트10층 ,"서울특별시 광진구 광나루로56길 85, 10층 (구의동, 테크노마트)",CGV강변11 제10관,208394.4164,448165.28
서울특별시 광진구 구의동 546-4 테크노마트10층 ,"서울특별시 광진구 광나루로56길 85, 10층 (구의동, 테크노마트)",CGV강변 11 CINE & FORET,208394.4164,448165.28
서울특별시 광진구 구의동 546-4 테크노마트10층 ,"서울특별시 광진구 광나루로56길 85, 10층 (구의동, 테크노마트)",CGV강변11 제4관[CGV 아트하우스],208394.4164,448165.28
서울특별시 광진구 자양동 227-7 더샵스타시티 ,"서울특별시 광진구 아차산로 272, 더샵스타시티 (자양동)",롯데시네마 건대입구관 (제4관),206349.675,448396.9397
서울특별시 광진구 자양동 227-7 더샵스타시티 ,"서울특별시 광진구 아차산로 272, 더샵스타시티 (자양동)",롯데시네마 건대입구관 (제7관),206349.675,448396.9397
서울특별시 광진구 자양동 227-7 더샵스타시티 ,"서울특별시 광진구 아차산로 272, 더샵스타시티 (자양동)",롯데시네마 건대입구관 (제8관),206349.675,448396.9397
서울특별시 광진구 자양동 227-7 더샵스타시티 ,"서울특별시 광진구 아차산로 272, 더샵스타시티 (자양동)",롯데시네마 건대입구관 (샤롯데관),206349.675,448396.9397
서울특별시 광진구 자양동 227-7 더샵스타시티 ,"서울특별시 광진구 아차산로 272, 더샵스타시티 (자양동)",롯데시네마 건대입구관 (제9관),206349.675,448396.9397
서울특별시 광진구 자양동 227-7 더샵스타시티 ,"서울특별시 광진구 아차산로 272, 더샵스타시티 (자양동)",롯데시네마 건대입구관 (제10관),206349.675,448396.9397
서울특별시 광진구 군자동 477-12번지 ,서울특별시 광진구 능동로 289 (군자동),메가박스 군자9,206852.3609,450393.661
서울특별시 광진구 군자동 477-12번지 ,서울특별시 광진구 능동로 289 (군자동),메가박스 군자1,206852.3609,450393.661
서울특별시 광진구 군자동 477-12번지 ,서울특별시 광진구 능동로 289 (군자동),메가박스 군자7,206852.3609,450393.661
서울특별시 광진구 군자동 477-12번지 ,서울특별시 광진구 능동로 289 (군자동),메가박스 군자8,206852.3609,450393.661
서울특별시 광진구 군자동 477-12번지 ,서울특별시 광진구 능동로 289 (군자동),메가박스 군자5,206852.3609,450393.661
서울특별시 광진구 군자동 477-12번지 ,서울특별시 광진구 능동로 289 (군자동),메가박스 군자3,206852.3609,450393.661
서울특별시 광진구 군자동 477-12번지 ,서울특별시 광진구 능동로 289 (군자동),메가박스 군자4,206852.3609,450393.661
서울특별시 광진구 군자동 477-12번지 ,서울특별시 광진구 능동로 289 (군자동),메가박스 군자10,206852.3609,450393.661
"서울특별시 동대문구 전농동 591-53 청량리민자역사 8층,9층 ","서울특별시 동대문구 왕산로 214, 8층,9층 (전농동, 청량리민자역사)",롯데시네마청량리 제5관,204081.2821,453187.3952
"서울특별시 동대문구 전농동 591-53 청량리민자역사 8층,9층 ","서울특별시 동대문구 왕산로 214, 8층,9층 (전농동, 청량리민자역사)",롯데시네마청량리 제6관,204081.2821,453187.3952
"서울특별시 동대문구 전농동 591-53 청량리민자역사 8층,9층 ","서울특별시 동대문구 왕산로 214, 8층,9층 (전농동, 청량리민자역사)",롯데시네마청량리 제7관,204081.2821,453187.3952
"서울특별시 동대문구 전농동 591-53 청량리민자역사 8층,9층 ","서울특별시 동대문구 왕산로 214, 8층,9층 (전농동, 청량리민자역사)",롯데시네마청량리 제8관,204081.2821,453187.3952
서울특별시 서대문구 신촌동 74-12 5층,"서울특별시 서대문구 신촌역로 30 (신촌동,5층)",메가박스중앙(주)신촌지점 7관,194798.4584,450837.0517
서울특별시 서대문구 신촌동 74-12 5층,"서울특별시 서대문구 신촌역로 30 (신촌동,5층)",메가박스중앙(주)신촌지점 COMFORT 4관,194798.4584,450837.0517
"서울특별시 동대문구 전농동 591-53 청량리민자역사 8층,9층 ","서울특별시 동대문구 왕산로 214, 8층,9층 (전농동, 청량리민자역사)",롯데시네마청량리 제2관,204081.2821,453187.3952
"서울특별시 동대문구 전농동 591-53 청량리민자역사 8층,9층 ","서울특별시 동대문구 왕산로 214, 8층,9층 (전농동, 청량리민자역사)",롯데시네마청량리 제3관,204081.2821,453187.3952
"서울특별시 동대문구 전농동 591-53 청량리민자역사 8층,9층 ","서울특별시 동대문구 왕산로 214, 8층,9층 (전농동, 청량리민자역사)",롯데시네마청량리 제4관,204081.2821,453187.3952
서울특별시 성동구 성수동1가 656-335 메가박스 스퀘어,"서울특별시 성동구 왕십리로 50, 메가박스 스퀘어 3층 (성수동1가)",메가박스중앙(주) 성수지점 2관,203903.3536,448846.8202
서울특별시 중랑구 상봉동 501 ,"서울특별시 중랑구 상봉로 131, 지하1,2층 (상봉동, 상봉듀오트리스주상복합)",CGV상봉3관,208076.3867,455017.5286
서울특별시 중랑구 상봉동 501 ,"서울특별시 중랑구 상봉로 131, 지하1,2층 (상봉동, 상봉듀오트리스주상복합)",CGV상봉4관,208076.3867,455017.5286
서울특별시 중랑구 상봉동 501 ,"서울특별시 중랑구 상봉로 131, 지하1,2층 (상봉동, 상봉듀오트리스주상복합)",CGV상봉5관,208076.3867,455017.5286
서울특별시 중랑구 상봉동 501 ,"서울특별시 중랑구 상봉로 131, 지하1,2층 (상봉동, 상봉듀오트리스주상복합)",CGV상봉6관,208076.3867,455017.5286
서울특별시 중랑구 상봉동 501 ,"서울특별시 중랑구 상봉로 131, 지하1,2층 (상봉동, 상봉듀오트리스주상복합)",CGV상봉7관,208076.3867,455017.5286
서울특별시 중랑구 상봉동 130-3 상봉뉴월드시네마 4층,서울특별시 중랑구 망우로30길 3 (상봉동),메가박스중앙(주) 상봉지점 1관,206526.0022,454549.1674
서울특별시 중랑구 상봉동 130-3 상봉뉴월드시네마 4층,서울특별시 중랑구 망우로30길 3 (상봉동),메가박스중앙(주) 상봉지점 2관,206526.0022,454549.1674
서울특별시 중랑구 상봉동 501 ,"서울특별시 중랑구 상봉로 131, 지하1,2층 (상봉동, 상봉듀오트리스주상복합)",CGV상봉2관,208076.3867,455017.5286
서울특별시 중랑구 묵동 234-1 ,서울특별시 중랑구 동일로 951 (묵동),롯데시네마 중랑관 1관,206641.2692,456981.0858
서울특별시 중랑구 묵동 234-1 ,서울특별시 중랑구 동일로 951 (묵동),롯데시네마 중랑관 2관,206641.2692,456981.0858
서울특별시 중랑구 묵동 234-1 ,서울특별시 중랑구 동일로 951 (묵동),롯데시네마 중랑관 8관,206641.2692,456981.0858
서울특별시 성북구 동선동1가 1-2 ,"서울특별시 성북구 동소문로 106, 11층 (동선동1가)",CGV 성신여대입구 2관,201447.4187,454477.1033
서울특별시 성북구 동선동1가 1-2 유타 ,"서울특별시 성북구 동소문로 106, 11층 (동선동1가)",CGV 성신여대입구 3관,201447.4187,454477.1033
서울특별시 성북구 동선동1가 1-2 유타 ,"서울특별시 성북구 동소문로 106, 유타 10층 (동선동1가)",CGV 성신여대입구 1관,201447.4187,454477.1033
서울특별시 성북구 동선동1가 1-2 유타 ,"서울특별시 성북구 동소문로 106, 유타 12층 (동선동1가)",CGV 성신여대입구 4관,201447.4187,454477.1033
서울특별시 성북구 동선동1가 1-2 유타몰 12층 ,"서울특별시 성북구 동소문로 106, 유타 12층 (동선동1가)",CGV 성신여대입구 5관,201447.4187,454477.1033
서울특별시 강북구 번동 449-1 ,서울특별시 강북구 도봉로 308 (번동),(주)써니트수유 롯데시네마 수유,202032.7576,459259.444
서울특별시 강북구 번동 449-1 ,서울특별시 강북구 도봉로 308 (번동),(주)씨니트 롯데시네마 수유,202032.7576,459259.444
서울특별시 성북구 돈암동 538-98,서울특별시 성북구 아리랑로 82 (돈암동),아리랑시네센터(아리랑인디웨이브),201158.1367,455288.7654
서울특별시 강북구 미아동 35-4 트레지오 쇼핑몰 10층,"서울특별시 강북구 도봉로 34, 10층 (미아동, 트레지오빌딩)",씨지브이 미아점 3관,202642.446,456636.3082
서울특별시 강북구 미아동 35-4 트레지오 쇼핑몰 9층 ,"서울특별시 강북구 도봉로 34, 9층 (미아동, 트레지오빌딩)",씨지브이 미아점 1관,202642.446,456636.3082
서울특별시 강북구 미아동 35-4 트레지오 쇼핑몰 10층 ,"서울특별시 강북구 도봉로 34 (미아동,트레지오 쇼핑몰 10층)",씨지브이 미아점 2관,202642.446,456636.3082
서울특별시 강북구 미아동 35-4 트레지오 쇼핑몰 11층 ,"서울특별시 강북구 도봉로 34, 11층 (미아동, 트레지오빌딩)",씨지브이 미아점 4관,202642.446,456636.3082
서울특별시 강북구 미아동 35-4 트레지오 쇼핑몰 11층 ,"서울특별시 강북구 도봉로 34, 11층 (미아동, 트레지오빌딩)",씨지브이 미아점 5관,202642.446,456636.3082
서울특별시 강북구 미아동 35-4 트레지오 쇼핑몰 11층 ,"서울특별시 강북구 도봉로 34, 11층 (미아동, 트레지오빌딩)",씨지브이 미아점 6관,202642.446,456636.3082
서울특별시 강북구 수유동 168-12 ,"서울특별시 강북구 도봉로 399, 4층 (수유동)",CGV 수유 1관,202565.2368,460003.1177
서울특별시 강북구 수유동 168-12 ,"서울특별시 강북구 도봉로 399, 8층 (수유동)",CGV 수유 9관,202565.2368,460003.1177
서울특별시 강북구 수유동 168-12 ,"서울특별시 강북구 도봉로 399, 8층 (수유동)",CGV 수유 8관,202565.2368,460003.1177
서울특별시 강북구 수유동 168-12 ,"서울특별시 강북구 도봉로 399, 8층 (수유동)",CGV 수유 7관,202565.2368,460003.1177
서울특별시 강북구 수유동 168-12 ,"서울특별시 강북구 도봉로 399, 4층 (수유동)",CGV  수유 2관,202565.2368,460003.1177
서울특별시 강북구 수유동 168-12 ,"서울특별시 강북구 도봉로 399, 4층 (수유동)",CGV 수유 3관,202565.2368,460003.1177
서울특별시 강북구 수유동 168-12 ,"서울특별시 강북구 도봉로 399, 6층 (수유동)",CGV 수유 6관,202565.2368,460003.1177
서울특별시 강북구 수유동 168-12 ,"서울특별시 강북구 도봉로 399, 6층 (수유동)",CGV 수유 5관,202565.2368,460003.1177
서울특별시 강북구 수유동 168-12 ,"서울특별시 강북구 도봉로 399, 6층 (수유동)",CGV 수유 4관,202565.2368,460003.1177
서울특별시 강북구 번동 449-1 ,서울특별시 강북구 도봉로 308 (번동),(주)써니트 수유지점 롯데시네마 수유,202032.7576,459259.444
서울특별시 도봉구 창동 715-14 ,서울특별시 도봉구 도봉로 558 (창동),메가박스 창동 1관,203351.8658,461358.4054
서울특별시 도봉구 창동 715-14번지 ,,메가박스 창동 2관,203351.8658,461358.4054
서울특별시 도봉구 창동 715-14번지 ,,창동 메가박스 5관,203351.8658,461358.4054
서울특별시 도봉구 창동 715-14번지 ,,메가박스 창동 4관,203351.8658,461358.4054
서울특별시 도봉구 창동 715-14번지 ,,메가박스 창동 3관,203351.8658,461358.4054
서울특별시 노원구 중계동 506-1 ,서울특별시 노원구 섬밭로 258 (중계동),CGV 하계 제1관,205645.892,459609.0125
서울특별시 노원구 중계동 506-1 ,서울특별시 노원구 섬밭로 258 (중계동),CGV 하계 제2관,205645.892,459609.0125
서울특별시 노원구 중계동 506-1 ,서울특별시 노원구 섬밭로 258 (중계동),CGV 하계 제3관,205645.892,459609.0125
서울특별시 노원구 상계동 727-1번지 지하1층 ,"서울특별시 노원구 노해로 480 (상계동, 조광빌딩)",더숲 아트시네마 제1관,205352.2249,461310.6678
서울특별시 노원구 상계동 727-1번지 조광빌딩 지하2층 ,"서울특별시 노원구 노해로 480, 조광빌딩 지하2층 (상계동)",더숲 아트시네마 제2관,205352.2249,461310.6678
서울특별시 노원구 상계동 713,서울특별시 노원구 동일로 1414 (상계동),롯데시네마 노원(제1관),205320.2848,461419.8818
서울특별시 성동구 성수동1가 656-335 메가박스 스퀘어,"서울특별시 성동구 왕십리로 50, 메가박스 스퀘어 7층 (성수동1가)",메가박스중앙(주) 성수지점 더부티크 102호,203903.3536,448846.8202
서울특별시 성동구 성수동1가 656-335 메가박스 스퀘어,"서울특별시 성동구 왕십리로 50, 메가박스 스퀘어 7층 (성수동1가)",메가박스중앙(주) 성수지점 더부티크 101호,203903.3536,448846.8202
서울특별시 은평구 녹번동 85-4번지 ,서울특별시 은평구 녹번로 16  (녹번동),이동상영관,193604.7092,455734.9023
서울특별시 은평구 대조동 240번지 팜스퀘어 ,"서울특별시 은평구 불광로 20, 13층 (대조동, 팜스퀘어)",CGV불광제3관,193661.7324,456379.1939
서울특별시 은평구 대조동 240 팜스퀘어 ,"서울특별시 은평구 불광로 20, 13층 (대조동, 팜스퀘어)",CGV불광제4관,193661.7324,456379.1939
서울특별시 은평구 대조동 240번지 팜스퀘어 ,"서울특별시 은평구 불광로 20, 13층 (대조동, 팜스퀘어)",CGV불광제5관,193661.7324,456379.1939
서울특별시 은평구 대조동 240번지 팜스퀘어 ,"서울특별시 은평구 불광로 20, 13층 (대조동, 팜스퀘어)",CGV불광제6관,193661.7324,456379.1939
서울특별시 은평구 대조동 240번지 팜스퀘어 ,"서울특별시 은평구 불광로 20, 13층 (대조동, 팜스퀘어)",CGV불광제8관,193661.7324,456379.1939
서울특별시 은평구 대조동 240번지 팜스퀘어 ,"서울특별시 은평구 불광로 20, 13층 (대조동, 팜스퀘어)",CGV불광제9관,193661.7324,456379.1939
서울특별시 은평구 대조동 240번지 팜스퀘어 ,"서울특별시 은평구 불광로 20, 13층 (대조동, 팜스퀘어)",CGV불광제1관,193661.7324,456379.1939
서울특별시 은평구 대조동 240번지 팜스퀘어 ,"서울특별시 은평구 불광로 20, 13층 (대조동, 팜스퀘어)",CGV불광제2관,193661.7324,456379.1939
서울특별시 은평구 대조동 240번지 팜스퀘어 ,"서울특별시 은평구 불광로 20, 13층 (대조동, 팜스퀘어)",CGV불광제7관,193661.7324,456379.1939
서울특별시 은평구 진관동 63 ,서울특별시 은평구 통일로 1050 (진관동),롯데시네마 은평 2관,192798.6592,459646.8272
서울특별시 은평구 진관동 63 ,서울특별시 은평구 통일로 1050 (진관동),롯데시네마 은평 3관,192798.6592,459646.8272
서울특별시 은평구 진관동 63 ,서울특별시 은평구 통일로 1050 (진관동),롯데시네마 은평 4관,192798.6592,459646.8272
서울특별시 은평구 진관동 63 ,서울특별시 은평구 통일로 1050 (진관동),롯데시네마 은평 6관,192798.6592,459646.8272
서울특별시 은평구 진관동 63 ,서울특별시 은평구 통일로 1050 (진관동),롯데시네마 은평 5관,192798.6592,459646.8272
서울특별시 은평구 진관동 63 ,서울특별시 은평구 통일로 1050 (진관동),롯데시네마 은평 7관,192798.6592,459646.8272
서울특별시 은평구 진관동 63 ,서울특별시 은평구 통일로 1050 (진관동),롯데시네마 은평 8관,192798.6592,459646.8272
서울특별시 은평구 진관동 63 ,서울특별시 은평구 통일로 1050 (진관동),롯데시네마 은평 1관,192798.6592,459646.8272
서울특별시 강서구 마곡동 797-1 퀸즈파크나인,"서울특별시 강서구 공항대로 247, 4층 (마곡동, 퀸즈파크나인)",메가박스중앙(주) 마곡지점 4관,185371.2988,450793.7712
서울특별시 강서구 마곡동 797-1 퀸즈파크나인,"서울특별시 강서구 공항대로 247, 4층 (마곡동, 퀸즈파크나인)",메가박스중앙(주) 마곡지점 3관,185371.2988,450793.7712
"서울특별시 서대문구 대현동 11-1번지 이화캠퍼스복합단지 지하 4,5층 ","서울특별시 서대문구 이화여대길 52 (대현동,이화캠퍼스복합단지 지하 4,5층)",아트하우스 모모-이화?KB 시네마 1관,195287.7664,451143.7893
"서울특별시 서대문구 대현동 11-1번지 이화캠퍼스복합단지 지하 4,5층 ","서울특별시 서대문구 이화여대길 52 (대현동,이화캠퍼스복합단지 지하 4,5층)",아트하우스 모모-이화?KB 시네마 2관,195287.7664,451143.7893
서울특별시 서대문구 창천동 20-25 ,"서울특별시 서대문구 신촌로 129, 지하2~3층 (창천동, 아트레온)",CGV신촌아트레온 1관,194649.344,450478.3522
서울특별시 서대문구 창천동 20-25 ,"서울특별시 서대문구 신촌로 129, 3층 (창천동, 아트레온)",CGV신촌아트레온 2관,194649.344,450478.3522
서울특별시 서대문구 창천동 20-25 ,"서울특별시 서대문구 신촌로 129, 5층 (창천동, 아트레온)",CGV신촌아트레온 3관,194649.344,450478.3522
서울특별시 서대문구 창천동 20-25 ,"서울특별시 서대문구 신촌로 129, 7층 (창천동, 아트레온)",CGV신촌아트레온 4관,194649.344,450478.3522
서울특별시 서대문구 창천동 20-25 ,"서울특별시 서대문구 신촌로 129, 7층 (창천동, 아트레온)",CGV신촌아트레온 5관,194649.344,450478.3522
서울특별시 서대문구 창천동 20-25 ,"서울특별시 서대문구 신촌로 129, 9층 (창천동, 아트레온)",CGV신촌아트레온 6관,194649.344,450478.3522
서울특별시 서대문구 창천동 20-25 ,"서울특별시 서대문구 신촌로 129, 9층 (창천동, 아트레온)",CGV신촌아트레온 7관,194649.344,450478.3522
서울특별시 서대문구 창천동 20-25 아트레온 ,"서울특별시 서대문구 신촌로 129, 아트레온 지하1층 (창천동)",CGV신촌아트레온 10관[CGV아트하우스],194649.344,450478.3522
서울특별시 서대문구 신촌동 74-12 5층,"서울특별시 서대문구 신촌역로 30, 5층 (신촌동)",메가박스중앙(주)신촌지점 COMFORT 1관,194798.4584,450837.0517
서울특별시 서대문구 신촌동 74-12 5층,"서울특별시 서대문구 신촌역로 30 (신촌동,5층)",메가박스중앙(주)신촌지점 2관,194798.4584,450837.0517
서울특별시 성동구 성수동1가 656-335 메가박스 스퀘어,"서울특별시 성동구 왕십리로 50, 메가박스 스퀘어 5층 (성수동1가)",메가박스중앙(주) 성수지점 4관,203903.3536,448846.8202
서울특별시 마포구 서교동 367-5 상상마당빌딩 ,"서울특별시 마포구 어울마당로 65, 상상마당빌딩 지하3층, 4층 (서교동)",KT&G 상상마당 cinema,192952.4207,449862.4658
서울특별시 성동구 성수동1가 656-335 메가박스 스퀘어,"서울특별시 성동구 왕십리로 50, 메가박스 스퀘어 5층 (성수동1가)",메가박스중앙(주)성수지점 Dolby Atmos관,203903.3536,448846.8202
서울특별시 강서구 마곡동 797-1 퀸즈파크나인,"서울특별시 강서구 공항대로 247, 4층 (마곡동, 퀸즈파크나인)",메가박스중앙(주) 마곡지점 2관,185371.2988,450793.7712
서울특별시 강서구 마곡동 797-1 퀸즈파크나인,"서울특별시 강서구 공항대로 247, 4층 (마곡동, 퀸즈파크나인)",메가박스중앙(주) 마곡지점 1관,185371.2988,450793.7712
"서울특별시 강서구 화곡동 1073-10 메가박스(주) 화곡점 401,501호","서울특별시 강서구 화곡로 142, 401,501호 (화곡동, 메가박스(주)화곡점)",메가박스중앙(주) 화곡지점 2관,185574.9372,448716.2747
"서울특별시 강서구 화곡동 1073-10 메가박스(주) 화곡점 401,501호","서울특별시 강서구 화곡로 142, 401,501호 (화곡동, 메가박스(주)화곡점)",메가박스중앙(주) 화곡지점 5관,185574.9372,448716.2747
"서울특별시 강서구 화곡동 1073-10 메가박스(주) 화곡점 401,501호","서울특별시 강서구 화곡로 142, 401,501호 (화곡동, 메가박스(주)화곡점)",메가박스중앙(주) 화곡지점 4관,185574.9372,448716.2747
"서울특별시 강서구 화곡동 1073-10 메가박스(주) 화곡점 401,501호","서울특별시 강서구 화곡로 142, 401,501호 (화곡동, 메가박스(주)화곡점)",메가박스중앙(주) 화곡지점 3관,185574.9372,448716.2747
"서울특별시 강서구 화곡동 1073-10 메가박스(주) 화곡점 401,501호","서울특별시 강서구 화곡로 142, 401,501호 (화곡동, 메가박스(주)화곡점)",메가박스중앙(주) 화곡지점 1관,185574.9372,448716.2747
서울특별시 마포구 동교동 159-8 ,서울특별시 마포구 양화로 153 (동교동),CGV홍대 1관,193105.3351,450464.4442
서울특별시 마포구 동교동 159-8 ,서울특별시 마포구 양화로 153 (동교동),CGV홍대 2관,193105.3351,450464.4442
서울특별시 마포구 동교동 159-8 ,서울특별시 마포구 양화로 153 (동교동),CGV홍대 3관,193105.3351,450464.4442
서울특별시 마포구 동교동 166-6 ,서울특별시 마포구 양화로 176 (동교동),롯데시네마 홍대입구관 제6관,193330.7141,450564.5132
서울특별시 마포구 서교동 490 메세나폴리스 2층 ,"서울특별시 마포구 양화로 45, 2층 (서교동, 메세나폴리스)",롯데시네마 합정 제1관,192311.6426,449855.6439
서울특별시 마포구 서교동 490 메세나폴리스 2층 ,"서울특별시 마포구 양화로 45, 2층 (서교동, 메세나폴리스)",롯데시네마 합정 제2관,192311.6426,449855.6439
서울특별시 마포구 서교동 490 메세나폴리스 2층 ,"서울특별시 마포구 양화로 45, 2층 (서교동, 메세나폴리스)",롯데시네마 합정 제3관,192311.6426,449855.6439
서울특별시 마포구 서교동 490 메세나폴리스 2층 ,"서울특별시 마포구 양화로 45, 2층 (서교동, 메세나폴리스)",롯데시네마 합정 제4관,192311.6426,449855.6439
서울특별시 마포구 동교동 159-8 ,서울특별시 마포구 양화로 153 (동교동),CGV홍대 4관,193105.3351,450464.4442
서울특별시 마포구 동교동 159-8 ,서울특별시 마포구 양화로 153 (동교동),CGV홍대 5관,193105.3351,450464.4442
서울특별시 마포구 동교동 159-8 ,서울특별시 마포구 양화로 153 (동교동),CGV홍대 6관,193105.3351,450464.4442
서울특별시 강서구 방화동 886 스카이파크,"서울특별시 강서구 하늘길 38 (방화동, 스카이파크)",롯데시네마 김포공항 (1관),182524.8238,451438.2509
서울특별시 마포구 동교동 166-6 ,서울특별시 마포구 양화로 176 (동교동),롯데시네마 홍대입구관 제3관,193330.7141,450564.5132
서울특별시 마포구 동교동 166-6 ,서울특별시 마포구 양화로 176 (동교동),롯데시네마 홍대입구관 제4관,193330.7141,450564.5132
서울특별시 마포구 동교동 166-6 ,서울특별시 마포구 양화로 176 (동교동),롯데시네마 홍대입구관 제5관,193330.7141,450564.5132
서울특별시 마포구 동교동 167-2 LC TOWER ,"서울특별시 마포구 양화로 186, LC TOWER 7~10층 (동교동)",CGV연남 6관,193378.5659,450631.4756
서울특별시 마포구 동교동 167-2 LC TOWER ,"서울특별시 마포구 양화로 186, LC TOWER 7~10층 (동교동)",CGV연남 5관,193378.5659,450631.4756
서울특별시 마포구 동교동 167-2 LC TOWER ,"서울특별시 마포구 양화로 186, LC TOWER 7~10층 (동교동)",CGV연남 4관,193378.5659,450631.4756
서울특별시 마포구 동교동 167-2 LC TOWER ,"서울특별시 마포구 양화로 186, LC TOWER 7~10층 (동교동)",CGV연남 3관(Suite Cinema),193378.5659,450631.4756
서울특별시 마포구 동교동 167-2 LC TOWER ,"서울특별시 마포구 양화로 186, LC TOWER 7~10층 (동교동)",CGV연남 2관,193378.5659,450631.4756
서울특별시 마포구 동교동 167-2 LC TOWER ,"서울특별시 마포구 양화로 186, LC TOWER 7~10층 (동교동)",CGV연남 1관(4DX),193378.5659,450631.4756
서울특별시 양천구 목동 917-6 행복한세상백화점 7층,"서울특별시 양천구 목동동로 309 (목동,행복한세상백화점 7층)",메가박스중앙(주) 목동지점 3관,188977.1711,447466.355
서울특별시 양천구 목동 917-6 행복한세상백화점 7층,"서울특별시 양천구 목동동로 309 (목동,행복한세상백화점 7층)",메가박스중앙(주) 목동지점 4관,188977.1711,447466.355
서울특별시 양천구 목동 917-6 행복한세상백화점 7층,"서울특별시 양천구 목동동로 309 (목동,행복한세상백화점 7층)",메가박스중앙(주) 목동지점 7관,188977.1711,447466.355
서울특별시 양천구 목동 917-6 행복한세상백화점 7층,"서울특별시 양천구 목동동로 309 (목동,행복한세상백화점 7층)",메가박스중앙(주) 목동지점 8관,188977.1711,447466.355
서울특별시 양천구 목동 917-6 행복한세상백화점 7층,"서울특별시 양천구 목동동로 309 (목동,행복한세상백화점 7층)",메가박스중앙(주) 목동지점 9관,188977.1711,447466.355
서울특별시 양천구 목동 917-6 행복한세상백화점 7층,"서울특별시 양천구 목동동로 309 (목동,행복한세상백화점 7층)",메가박스중앙(주) 목동지점 Dolby Atmos,188977.1711,447466.355
서울특별시 강서구 등촌동 639-23 3~9층 ,"서울특별시 강서구 공항대로45길 63, 3~9층 (등촌동)",CGV 등촌 1관,187210.9178,450631.4355
서울특별시 강서구 등촌동 639-23 3~9층 ,"서울특별시 강서구 공항대로45길 63, 3~9층 (등촌동)",CGV 등촌 2관,187210.9178,450631.4355
서울특별시 강서구 등촌동 639-23 3~9층 ,"서울특별시 강서구 공항대로45길 63, 3~9층 (등촌동)",CGV 등촌 3관,187210.9178,450631.4355
서울특별시 강서구 등촌동 639-23 3~9층 ,"서울특별시 강서구 공항대로45길 63, 3~9층 (등촌동)",CGV 등촌 4관,187210.9178,450631.4355
서울특별시 강서구 등촌동 639-23 3~9층 ,"서울특별시 강서구 공항대로45길 63, 3~9층 (등촌동)",CGV 등촌 5관,187210.9178,450631.4355
서울특별시 강서구 등촌동 639-23 3~9층 ,"서울특별시 강서구 공항대로45길 63, 3~9층 (등촌동)",CGV 등촌 6관,187210.9178,450631.4355
서울특별시 강서구 방화동 886 스카이파크 ,"서울특별시 강서구 하늘길 38 (방화동, 스카이파크)",롯데시네마 김포공항 (2관),182524.8238,451438.2509
서울특별시 마포구 동교동 160-4 아일렉스,"서울특별시 마포구 양화로 147, 아일렉스 7층 (동교동)",메가박스중앙(주) 홍대지점 3관,193046.5347,450424.5645
서울특별시 강서구 마곡동 797-1 퀸즈파크나인,"서울특별시 강서구 공항대로 247, 4층 (마곡동, 퀸즈파크나인)",메가박스중앙(주) 마곡지점 6관,185371.2988,450793.7712
서울특별시 강서구 마곡동 797-1 퀸즈파크나인,"서울특별시 강서구 공항대로 247, 4층 (마곡동, 퀸즈파크나인)",메가박스중앙(주) 마곡지점 5관,185371.2988,450793.7712
서울특별시 강서구 방화동 886 스카이파크 ,"서울특별시 강서구 하늘길 38 (방화동, 스카이파크)",롯데시네마 김포공항 (3관),182524.8238,451438.2509
서울특별시 강서구 방화동 886 스카이파크 ,"서울특별시 강서구 하늘길 38 (방화동, 스카이파크)",롯데시네마 김포공항 (4관),182524.8238,451438.2509
서울특별시 강서구 방화동 886 스카이파크 ,"서울특별시 강서구 하늘길 38 (방화동, 스카이파크)",롯데시네마 김포공항 (5관),182524.8238,451438.2509
서울특별시 강서구 방화동 886 스카이파크 ,"서울특별시 강서구 하늘길 38 (방화동, 스카이파크)",롯데시네마 김포공항 (6관),182524.8238,451438.2509
서울특별시 강서구 방화동 886 스카이파크 ,"서울특별시 강서구 하늘길 38 (방화동, 스카이파크)",롯데시네마 김포공항 (8관),182524.8238,451438.2509
서울특별시 강서구 방화동 886 스카이파크 ,"서울특별시 강서구 하늘길 38 (방화동, 스카이파크)",롯데시네마 김포공항 (7관),182524.8238,451438.2509
서울특별시 강서구 방화동 886 스카이파크 ,"서울특별시 강서구 하늘길 38 (방화동, 스카이파크)",롯데시네마 김포공항 (10관),182524.8238,451438.2509
서울특별시 강서구 방화동 886 스카이파크 ,"서울특별시 강서구 하늘길 38 (방화동, 스카이파크)",롯데시네마 김포공항 (9관),182524.8238,451438.2509
"서울특별시 강서구 등촌동 73-1 4,5,6층 ","서울특별시 강서구 양천로 476, 4,5,6층 (등촌동)",롯데시네마 가양 6관,186966.0362,451047.2873
"서울특별시 강서구 등촌동 73-1 4,5,6층 ","서울특별시 강서구 양천로 476, 4,5,6층 (등촌동)",롯데시네마 가양 2관,186966.0362,451047.2873
"서울특별시 강서구 등촌동 73-1 4,5,6층 ","서울특별시 강서구 양천로 476, 4,5,6층 (등촌동)",롯데시네마 가양 3관,186966.0362,451047.2873
"서울특별시 강서구 등촌동 73-1 4,5,6층 ","서울특별시 강서구 양천로 476, 4,5,6층 (등촌동)",롯데시네마 가양 4관,186966.0362,451047.2873
"서울특별시 강서구 등촌동 73-1 4,5,6층 ","서울특별시 강서구 양천로 476, 4,5,6층 (등촌동)",롯데시네마 가양 5관,186966.0362,451047.2873
"서울특별시 강서구 등촌동 73-1 4,5,6층 ","서울특별시 강서구 양천로 476, 4,5,6층 (등촌동)",롯데시네마 가양 1관,186966.0362,451047.2873
서울특별시 구로구 구로동 3-25 테크노마트 신도림점 12층 ,"서울특별시 구로구 새말로 97, 12층 (구로동, 테크노마트 신도림점)",CINE Q 신도림점 제10관,190232.5245,444978.6827
서울특별시 구로구 구로동 3-25 테크노마트 신도림점 12층 ,"서울특별시 구로구 새말로 97, 12층 (구로동, 테크노마트 신도림점)",CINE Q 신도림점 제9관,190232.5245,444978.6827
서울특별시 구로구 구로동 3-25 테크노마트 신도림점 12층 ,"서울특별시 구로구 새말로 97, 12층 (구로동, 테크노마트 신도림점)",CINE Q 신도림점 제8관,190232.5245,444978.6827
서울특별시 구로구 구로동 3-25 테크노마트 신도림점 12층 ,"서울특별시 구로구 새말로 97, 12층 (구로동, 테크노마트 신도림점)",CINE Q 신도림점 제7관,190232.5245,444978.6827
서울특별시 구로구 구로동 3-25 테크노마트 신도림점 12층 ,"서울특별시 구로구 새말로 97, 12층 (구로동, 테크노마트 신도림점)",CINE Q 신도림점 제5관,190232.5245,444978.6827
서울특별시 구로구 구로동 3-25 테크노마트 신도림점 12층 ,"서울특별시 구로구 새말로 97, 12층 (구로동, 테크노마트 신도림점)",CINE Q 신도림점 제3관,190232.5245,444978.6827
서울특별시 구로구 구로동 3-25 테크노마트 신도림점 12층 ,"서울특별시 구로구 새말로 97, 12층 (구로동, 테크노마트 신도림점)",CINE Q 신도림점 제6관,190232.5245,444978.6827
서울특별시 구로구 구로동 3-25 테크노마트 신도림점 12층 ,"서울특별시 구로구 새말로 97, 12층 (구로동, 테크노마트 신도림점)",CINE Q 신도림점 제4관,190232.5245,444978.6827
서울특별시 구로구 구로동 3-25 테크노마트 신도림점 12층 ,"서울특별시 구로구 새말로 97, 12층 (구로동, 테크노마트 신도림점)",CINE Q 신도림점 제2관,190232.5245,444978.6827
서울특별시 구로구 구로동 573 애경백화점 6층 ,"서울특별시 구로구 구로중앙로 152 (구로동, 애경백화점 6층)",CGV구로10제6관,189570.3609,444336.0513
서울특별시 구로구 구로동 573 애경백화점 6층 ,"서울특별시 구로구 구로중앙로 152 (구로동, 애경백화점 6층)",CGV구로10 제7관,189570.3609,444336.0513
서울특별시 구로구 구로동 573 애경백화점 6층 ,"서울특별시 구로구 구로중앙로 152 (구로동, 애경백화점 6층)",CGV구로10제8관,189570.3609,444336.0513
서울특별시 구로구 구로동 573 애경백화점 6층 ,"서울특별시 구로구 구로중앙로 152 (구로동, 애경백화점 6층)",CGV구로10 제9관,189570.3609,444336.0513
서울특별시 구로구 구로동 573 애경백화점 6층 ,"서울특별시 구로구 구로중앙로 152 (구로동, 애경백화점 6층)",CGV구로10제1관,189570.3609,444336.0513
서울특별시 구로구 구로동 573 애경백화점 6층 ,"서울특별시 구로구 구로중앙로 152 (구로동, 애경백화점 6층)",CGV구로10제2관,189570.3609,444336.0513
서울특별시 강남구 도곡동 174-3 ,서울특별시 강남구 남부순환로 2753 (도곡동),도곡2관,204098.596,442807.3172
서울특별시 구로구 구로동 573 애경백화점 6층 ,"서울특별시 구로구 구로중앙로 152 (구로동, 애경백화점 6층)",CGV구로10 제5관,189570.3609,444336.0513
서울특별시 구로구 구로동 3-25 테크노마트 신도림점 12층 ,"서울특별시 구로구 새말로 97, 12층 (구로동, 테크노마트 신도림점)",CINE Q 신도림점 제1관,190232.5245,444978.6827
서울특별시 구로구 신도림동 692 디큐브시티 제타워동 7~8층 일부 ,"서울특별시 구로구 경인로 662 (신도림동, 디큐브시티 제타워동 7~8층 일부)",롯데컬처웍스(주)롯데시네마 제1관,190107.0454,445157.6264
서울특별시 구로구 신도림동 692 디큐브시티 제타워동 7~8층 일부 ,"서울특별시 구로구 경인로 662 (신도림동, 디큐브시티 제타워동 7~8층 일부)",롯데컬처웍스(주)롯데시네마 제 2관,190107.0454,445157.6264
서울특별시 구로구 신도림동 692 디큐브시티 제타워동 7~8층 일부 ,"서울특별시 구로구 경인로 662 (신도림동, 디큐브시티 제타워동 7~8층 일부)",롯데컬처웍스(주)롯데시네마 제3관,190107.0454,445157.6264
서울특별시 구로구 신도림동 692 디큐브시티 제타워동 7~8층 일부 ,"서울특별시 구로구 경인로 662 (신도림동, 디큐브시티 제타워동 7~8층 일부)",롯데컬처웍스(주)롯데시네마 제4관,190107.0454,445157.6264
서울특별시 구로구 신도림동 692 디큐브시티 제타워동 7~8층 일부 ,"서울특별시 구로구 경인로 662 (신도림동, 디큐브시티 제타워동 7~8층 일부)",롯데컬처웍스(주)롯데시네마 제5관,190107.0454,445157.6264
서울특별시 금천구 독산동 291-5 ,서울특별시 금천구 시흥대로 399 (독산동),롯데시네마 독산 제1관,190858.6495,440808.5413
서울특별시 구로구 구로동 573 애경백화점 6층,"서울특별시 구로구 구로중앙로 152 (구로동, 애경백화점 6층)",CGV구로10 제10관,189570.3609,444336.0513
서울특별시 금천구 독산동 291-5 ,서울특별시 금천구 시흥대로 399 (독산동),롯데시네마 독산 제2관,190858.6495,440808.5413
서울특별시 금천구 독산동 291-5 ,서울특별시 금천구 시흥대로 399 (독산동),롯데시네마 독산 제3관,190858.6495,440808.5413
서울특별시 금천구 독산동 291-5 ,서울특별시 금천구 시흥대로 399 (독산동),롯데시네마 독산 제4관,190858.6495,440808.5413
서울특별시 금천구 독산동 291-5 ,서울특별시 금천구 시흥대로 399 (독산동),롯데시네마 독산 제5관,190858.6495,440808.5413
서울특별시 금천구 독산동 291-5 ,서울특별시 금천구 시흥대로 399 (독산동),롯데시네마 독산 제6관,190858.6495,440808.5413
서울특별시 금천구 독산동 291-5 ,서울특별시 금천구 시흥대로 399 (독산동),롯데시네마 독산 제7관,190858.6495,440808.5413
서울특별시 금천구 독산동 291-5 ,서울특별시 금천구 시흥대로 399 (독산동),롯데시네마독산 제8관,190858.6495,440808.5413
서울특별시 금천구 가산동 60-8 현대시티아울렛 가산점 ,"서울특별시 금천구 디지털로10길 9, 현대시티아울렛 가산점 (가산동)",롯데시네마 가산디지털(제3관),190119.4634,441716.6846
서울특별시 금천구 가산동 60-8 현대시티아울렛 가산점 ,"서울특별시 금천구 디지털로10길 9, 현대시티아울렛 가산점 (가산동)",롯데시네마 가산디지털(제4관),190119.4634,441716.6846
서울특별시 금천구 가산동 60-8 현대시티아울렛 가산점 ,"서울특별시 금천구 디지털로10길 9, 현대시티아울렛 가산점 (가산동)",롯데시네마 가산디지털(제2관),190119.4634,441716.6846
서울특별시 금천구 가산동 60-8 현대시티아울렛 가산점 ,"서울특별시 금천구 디지털로10길 9, 현대시티아울렛 가산점 (가산동)",롯데시네마 가산디지털(제1관),190119.4634,441716.6846
서울특별시 금천구 가산동 60-8 현대시티아울렛 가산점 ,"서울특별시 금천구 디지털로10길 9, 현대시티아울렛 가산점 (가산동)",롯데시네마 가산디지털(제5관),190119.4634,441716.6846
서울특별시 금천구 가산동 60-8 현대시티아울렛 가산점 ,"서울특별시 금천구 디지털로10길 9, 현대시티아울렛 가산점 (가산동)",롯데시네마 가산디지털(제6관),190119.4634,441716.6846
서울특별시 영등포구 영등포동4가 442 타임스퀘어 4층 ,"서울특별시 영등포구 영중로 15, 4층 (영등포동4가, 타임스퀘어)",CGV 영등포 제3관,191385.0574,446098.5559
서울특별시 영등포구 영등포동4가 442 타임스퀘어 4층 ,"서울특별시 영등포구 영중로 15, 4층 (영등포동4가, 타임스퀘어)",CGV 영등포 제4관,191385.0574,446098.5559
서울특별시 영등포구 영등포동4가 442 타임스퀘어 4층 ,"서울특별시 영등포구 영중로 15, 4층 (영등포동4가, 타임스퀘어)",CGV 영등포 제5관,191385.0574,446098.5559
서울특별시 영등포구 영등포동4가 442 타임스퀘어 4층 ,"서울특별시 영등포구 영중로 15, 4층 (영등포동4가, 타임스퀘어)",CGV 영등포 제8관,191385.0574,446098.5559
서울특별시 영등포구 영등포동4가 442 타임스퀘어 4층 ,"서울특별시 영등포구 영중로 15, 4층 (영등포동4가, 타임스퀘어)",CGV 영등포 제6관,191385.0574,446098.5559
서울특별시 영등포구 영등포동4가 442 타임스퀘어 4층 ,"서울특별시 영등포구 영중로 15, 4층 (영등포동4가, 타임스퀘어)",CGV 영등포 제2관[4D],191385.0574,446098.5559
서울특별시 영등포구 영등포동4가 442 타임스퀘어 4층,"서울특별시 영등포구 영중로 15, 4층 (영등포동4가, 타임스퀘어)",CGV 영등포 제11관(SCREEN X),191385.0574,446098.5559
서울특별시 영등포구 영등포동4가 442 타임스퀘어 4층 ,"서울특별시 영등포구 영중로 15, 4층 (영등포동4가, 타임스퀘어)",CGV 영등포 제10관(골드클래스),191385.0574,446098.5559
서울특별시 강남구 도곡동 174-3 ,서울특별시 강남구 남부순환로 2753 (도곡동),도곡3관,204098.596,442807.3172
서울특별시 영등포구 영등포동4가 442 타임스퀘어 4층 ,"서울특별시 영등포구 영중로 15, 4층 (영등포동4가, 타임스퀘어)",CGV 영등포 제9관,191385.0574,446098.5559
서울특별시 영등포구 영등포동4가 442 타임스퀘어 4층 ,"서울특별시 영등포구 영중로 15, 4층 (영등포동4가, 타임스퀘어)",CGV 영등포 제1관,191385.0574,446098.5559
서울특별시 강남구 논현동 6-3,"서울특별시 강남구 도산대로 152, 2~3층 (논현동, 영동빌딩)",코엑스 2관,202160.3319,446215.9356
서울특별시 강남구 삼성동 159,"서울특별시 강남구 영동대로 513 (삼성동, 코엑스)",코엑스 Dolby Cinema,205130.5917,445590.0968
서울특별시 강남구 논현동 6-13,"서울특별시 강남구 도산대로 156, 2~3층 (논현동, 중앙엠앤비사옥)",코엑스 컴포트 6관,202205.4307,446211.2208
서울특별시 강남구 삼성동 159,"서울특별시 강남구 영동대로 513 (삼성동, 코엑스)",코엑스 101호 스위트룸,205130.5917,445590.0968
서울특별시 강남구 삼성동 159,"서울특별시 강남구 영동대로 513 (삼성동, 코엑스)",코엑스 컴포트 3관,205130.5917,445590.0968
서울특별시 영등포구 영등포동4가 442,"서울특별시 영등포구 영중로 15, 6층 (영등포동4가, 타임스퀘어)",CGV 영등포 12관(IMAX),191385.0574,446098.5559
서울특별시 동작구 사당동 147-53번지 골든시네마타워 12층 ,"서울특별시 동작구 동작대로 89 (사당동,골든시네마타워 12층)",아트나인 9관,198295.8433,442507.6991
서울특별시 동작구 사당동 147-53번지 골든시네마타워 12층 ,"서울특별시 동작구 동작대로 89 (사당동,골든시네마타워 12층)",아트나인 0관,198295.8433,442507.6991
서울특별시 구로구 개봉동 297-2번지 ,서울특별시 구로구 개봉로3길 109  (개봉동),떼아뜨르 이동영화,186729.5886,442612.4245
서울특별시 관악구 신림동 1641-2 14층 ,"서울특별시 관악구 신림로 330 (신림동,14층)",롯데시네마 신림 제2관,193754.4274,442407.2012
서울특별시 관악구 신림동 1641-2 14층 ,"서울특별시 관악구 신림로 330 (신림동,14층)",롯데시네마 신림 제1관,193754.4274,442407.2012
서울특별시 관악구 신림동 1641-2 14층 ,"서울특별시 관악구 신림로 330 (신림동,14층)",롯데시네마 신림 제8관,193754.4274,442407.2012
서울특별시 관악구 신림동 1641-2 14층 ,"서울특별시 관악구 신림로 330 (신림동,14층)",롯데시네마 신림 제5관,193754.4274,442407.2012
서울특별시 관악구 신림동 1641-2 14층 ,"서울특별시 관악구 신림로 330 (신림동,14층)",롯데시네마 신림 제4관,193754.4274,442407.2012
서울특별시 관악구 신림동 1641-2 14층 ,"서울특별시 관악구 신림로 330 (신림동,14층)",롯데시네마 신림 제7관,193754.4274,442407.2012
서울특별시 관악구 신림동 1641-2 14층 ,"서울특별시 관악구 신림로 330 (신림동,14층)",롯데시네마 신림 제3관,193754.4274,442407.2012
서울특별시 서초구 서초동 1335 서초그랑자이 ,"서울특별시 서초구 효령로 391, B2층 (서초동, 서초그랑자이)",CGV Salon 서초,202245.3779,442987.987
서울특별시 서초구 서초동 1317-20,서울특별시 서초구 서초대로77길 3 (서초동),메가박스중앙(주) 강남 1관,202276.9172,443970.968
서울특별시 강동구 성내동 549-1번지 ,서울특별시 강동구 성내로 48 (성내동),메가박스 강동9,210992.4973,447372.6172
서울특별시 강남구 도곡동 174-3 ,서울특별시 강남구 남부순환로 2753 (도곡동),도곡7관,204098.596,442807.3172
서울특별시 강남구 도곡동 174-3 ,서울특별시 강남구 남부순환로 2753 (도곡동),도곡1관,204098.596,442807.3172
서울특별시 강남구 도곡동 174-3 ,서울특별시 강남구 남부순환로 2753 (도곡동),도곡6관,204098.596,442807.3172
서울특별시 강남구 도곡동 174-3 ,서울특별시 강남구 남부순환로 2753 (도곡동),도곡5관,204098.596,442807.3172
서울특별시 강남구 도곡동 174-3 ,서울특별시 강남구 남부순환로 2753 (도곡동),도곡4관,204098.596,442807.3172
서울특별시 강남구 논현동 1-3번지 ,서울특별시 강남구 도산대로 108  (논현동),클래식시네마스페이스(주),201753.1885,446003.4452
서울특별시 강남구 역삼동 814-6 스타플렉스 6층 ,"서울특별시 강남구 강남대로 438 (역삼동,스타플렉스 6층)",CGV 강남제2관,202262.4579,444382.5423
서울특별시 강남구 역삼동 814-6 스타플렉스 8층 ,"서울특별시 강남구 강남대로 438 (역삼동,스타플렉스 8층)",CGV 강남제3관,202262.4579,444382.5423
서울특별시 강남구 역삼동 814-6 스타플랙스 10층 ,"서울특별시 강남구 강남대로 438 (역삼동,스타플랙스 10층)",CGV 강남제4관,202262.4579,444382.5423
서울특별시 강남구 역삼동 814-6 스타플랙스 10층 ,"서울특별시 강남구 강남대로 438 (역삼동,스타플랙스 10층)",CGV 강남제5관,202262.4579,444382.5423
서울특별시 강동구 천호동 42 ,"서울특별시 강동구 양재대로 1571, 4층 (천호동)",CGV 천호 1관,212501.3691,449282.3104
서울특별시 강남구 역삼동 814-6 스타플렉스 10층 ,"서울특별시 강남구 강남대로 438 (역삼동,스타플렉스 10층)",CGV 강남제6관,202262.4579,444382.5423
서울특별시 강남구 신사동 603-2 ,서울특별시 강남구 논현로 848 (신사동),CGV압구정 제3관,202478.5995,446927.6243
서울특별시 강남구 신사동 602 ,서울특별시 강남구 압구정로30길 45 (신사동),씨네 드 쉐프 A관,202530.1848,446900.9612
서울특별시 강남구 논현동 3번지 외2필지 ,"서울특별시 강남구 도산대로 116 (논현동,외2필지)",롯데시네마 브로드웨이 6관,201836.2576,446034.6865
서울특별시 강남구 삼성동 159,"서울특별시 강남구 영동대로 513 (삼성동, 코엑스)",코엑스 소상영관 B,205130.5917,445590.0968
서울특별시 강남구 논현동 97-26번지 ,서울특별시 강남구 언주로150길 14  (논현동),씨네예술관 1관,203069.2121,446531.9041
서울특별시 강남구 논현동 97-26번지 ,서울특별시 강남구 언주로150길 14  (논현동),씨네예술관 2관,203069.2121,446531.9041
서울특별시 강남구 논현동 4-15번지 ,서울특별시 강남구 도산대로 128  (논현동),씨네마강남 1관,201924.4852,446086.6929
서울특별시 강남구 논현동 4-15번지 ,서울특별시 강남구 도산대로 128  (논현동),씨네마강남 2관,201924.4852,446086.6929
서울특별시 강남구 논현동 91-6번지 ,서울특별시 강남구 도산대로 310  (논현동),씨네하우스 2관,203064.6402,446594.3191
서울특별시 강남구 논현동 91-6번지 ,서울특별시 강남구 도산대로 310  (논현동),씨네하우스 3관,203064.6402,446594.3191
서울특별시 강남구 논현동 4-15번지 ,서울특별시 강남구 도산대로 128  (논현동),씨네마강남 대관,201924.4852,446086.6929
서울특별시 강남구 논현동 58-3번지 ,서울특별시 강남구 학동로 171  (논현동),(주)케이엠티브이,202510.1756,445767.5124
서울특별시 강남구 신사동 603-2 ,서울특별시 강남구 논현로 848 (신사동),CGV압구정 제2관,202478.5995,446927.6243
서울특별시 강남구 논현동 123-2번지 ,서울특별시 강남구 학동로 118  (논현동),강남비디오소극장,202039.7404,445481.8844
서울특별시 강남구 신사동 532-1 지하2층,"서울특별시 강남구 압구정로10길 9, 지하2층 (신사동)",픽처하우스,201876.7638,446752.4509
서울특별시 강남구 역삼동 816,"서울특별시 강남구 강남대로 422, 지하 3층 (역삼동)",씨티극장 4관,202310.3114,444240.7983
서울특별시 강남구 역삼동 816,"서울특별시 강남구 강남대로 422, 지하 3층 (역삼동)",씨티극장 3관,202310.3114,444240.7983
서울특별시 강남구 논현동 1-3번지 ,서울특별시 강남구 도산대로 108  (논현동),클래식시네마스페이스(주),201753.1885,446003.4452
서울특별시 강남구 삼성동 159,"서울특별시 강남구 영동대로 513 (삼성동, 코엑스)",코엑스 4관,205130.5917,445590.0968
서울특별시 강남구 신사동 603-2,서울특별시 강남구 논현로 848 (신사동),CGV압구정 IMAX관,202478.5995,446927.6243
서울특별시 강남구 신사동 602 ,서울특별시 강남구 압구정로30길 45 (신사동),CGV압구정 제4관,202530.1848,446900.9612
서울특별시 강남구 신사동 602 ,서울특별시 강남구 압구정로30길 45 (신사동),씨네 드 쉐프 B관,202530.1848,446900.9612
서울특별시 강남구 역삼동 814-6 스타플렉스 6층 ,"서울특별시 강남구 강남대로 438 (역삼동, 스타플렉스)",CGV 강남제1관,202262.4579,444382.5423
서울특별시 강남구 삼성동 159,"서울특별시 강남구 영동대로 513 (삼성동, 코엑스)",코엑스 컴포트 11관,205130.5917,445590.0968
서울특별시 강남구 역삼동 814-6번지 ,서울특별시 강남구 강남대로 438  (역삼동),주공공이 1관,202262.4579,444382.5423
서울특별시 강남구 역삼동 814-6번지 ,서울특별시 강남구 강남대로 438  (역삼동),주공공이 2관,202262.4579,444382.5423
서울특별시 강남구 역삼동 814-6번지 ,서울특별시 강남구 강남대로 438  (역삼동),주공공이 3관,202262.4579,444382.5423
서울특별시 강남구 역삼동 814-6번지 ,서울특별시 강남구 강남대로 438  (역삼동),주공공이 4관,202262.4579,444382.5423
서울특별시 강남구 역삼동 814-6번지 ,서울특별시 강남구 강남대로 438  (역삼동),주공공이 시사실,202262.4579,444382.5423
서울특별시 강남구 논현동 3-5번지 2층 ,"서울특별시 강남구 도산대로8길 8 (논현동,2층)",롯데시네마 브로드웨이 1관,201869.7776,446024.4102
서울특별시 강남구 논현동 3-5번지 4층 ,"서울특별시 강남구 도산대로8길 8 (논현동,4층)",롯데시네마 브로드웨이 2관,201869.7776,446024.4102
서울특별시 강남구 논현동 3-5번지 1층 ,"서울특별시 강남구 도산대로8길 8, 1층 (논현동)",롯데시네마 브로드웨이 3관,201869.7776,446024.4102
서울특별시 강남구 논현동 3-5번지 1층 ,"서울특별시 강남구 도산대로8길 8 (논현동,1층)",롯데시네마 브로드웨이 4관,201869.7776,446024.4102
서울특별시 강남구 논현동 3-5번지 1층 ,"서울특별시 강남구 도산대로8길 8 (논현동,1층)",롯데시네마 브로드웨이 5관,201869.7776,446024.4102
서울특별시 강남구 신사동 651-21 ,서울특별시 강남구 도산대로 323 (신사동),CGV 청담씨네시티 CINEMA SWEETBOX PREMIUM 관,203205.417,446740.5529
서울특별시 강남구 신사동 651-21 ,서울특별시 강남구 도산대로 323 (신사동),CGV 청담씨네시티 1관(HEADPHONE),203205.417,446740.5529
서울특별시 강남구 신사동 651-21 ,서울특별시 강남구 도산대로 323 (신사동),CGV 청담씨네시티 2관(HEADPHONE),203205.417,446740.5529
서울특별시 강남구 신사동 651-21 ,서울특별시 강남구 도산대로 323 (신사동),CGV 청담씨네시티 3관(COMFORT SWEETBOX PREMIUM),203205.417,446740.5529
서울특별시 강남구 신사동 651-21번지 ,서울특별시 강남구 도산대로 323  (신사동),씨네시티11관,203205.417,446740.5529
서울특별시 강남구 신사동 651-21번지 ,서울특별시 강남구 도산대로 323  (신사동),씨네시티12관,203205.417,446740.5529
서울특별시 강남구 신사동 651-21번지 ,서울특별시 강남구 도산대로 323  (신사동),씨네시티3관,203205.417,446740.5529
서울특별시 강남구 논현동 91-6번지 ,서울특별시 강남구 도산대로 310  (논현동),씨네하우스 1관,203064.6402,446594.3191
서울특별시 강남구 논현동 91-6번지 ,서울특별시 강남구 도산대로 310  (논현동),씨네하우스 4관,203064.6402,446594.3191
서울특별시 강남구 신사동 651-21 ,서울특별시 강남구 도산대로 323 (신사동),CGV 청담씨네시티 4DX,203205.417,446740.5529
서울특별시 강남구 신사동 602 ,서울특별시 강남구 압구정로30길 45 (신사동),CGV압구정 ART 1관,202530.1848,446900.9612
서울특별시 강남구 신사동 602 ,서울특별시 강남구 압구정로30길 45 (신사동),CGV압구정 ART 2관,202530.1848,446900.9612
서울특별시 강남구 역삼동 814-6번지 ,서울특별시 강남구 강남대로 438  (역삼동),(주)강제규필름,202262.4579,444382.5423
서울특별시 강남구 역삼동 814-6번지 ,서울특별시 강남구 강남대로 438  (역삼동),주공공이2관,202262.4579,444382.5423
서울특별시 강남구 역삼동 814-6번지 ,서울특별시 강남구 강남대로 438  (역삼동),주공공이3관,202262.4579,444382.5423
서울특별시 강남구 역삼동 814-6번지 ,서울특별시 강남구 강남대로 438  (역삼동),주공공이4관,202262.4579,444382.5423
서울특별시 송파구 문정동 516 가든파이브라이프영관 10층 ,"서울특별시 송파구 충민로 66 (문정동, 가든파이브라이프영관 10층)",CGV 송파 6관,211053.1195,442026.9888
서울특별시 송파구 문정동 516 가든파이브라이프영관10층 ,"서울특별시 송파구 충민로 66 (문정동, 가든파이브라이프영관 10층)",CGV 송파 4관,211053.1195,442026.9888
서울특별시 송파구 문정동 516 가든파이브라이프영관 10층 ,"서울특별시 송파구 충민로 66 (문정동, 가든파이브라이프영관 10층)",CGV 송파 SPHERE X,211053.1195,442026.9888
서울특별시 송파구 문정동 516 가든파이브라이프영관10층 ,"서울특별시 송파구 충민로 66 (문정동, 가든파이브라이프영관 10층)",CGV송파4DX관,211053.1195,442026.9888
서울특별시 송파구 문정동 516 가든파이브라이프영관 10층 ,"서울특별시 송파구 충민로 66 (문정동, 가든파이브라이프영관 10층)",CGV 송파 3관,211053.1195,442026.9888
서울특별시 송파구 문정동 516 가든파이브라이프영관 10층 ,"서울특별시 송파구 충민로 66 (문정동, 가든파이브라이프영관 10층)",CGV 송파 1관,211053.1195,442026.9888
서울특별시 송파구 문정동 516 가든파이브라이프영관 10층 ,"서울특별시 송파구 충민로 66 (문정동, 가든파이브라이프영관 10층)",CGV 송파 2관,211053.1195,442026.9888
서울특별시 송파구 신천동 29 ,"서울특별시 송파구 올림픽로 300, 엔터테인먼트동 5~11층 (신천동, 롯데월드몰)",롯데시네마 월드타워(제9관),209074.9008,445657.8093
서울특별시 송파구 신천동 29 ,"서울특별시 송파구 올림픽로 300, 엔터테인먼트동 5~11층 (신천동, 롯데월드몰)",롯데시네마 월드타워(제20관),209074.9008,445657.8093
서울특별시 강동구 성내동 549-1번지 ,서울특별시 강동구 성내로 48 (성내동),메가박스 강동10,210992.4973,447372.6172
서울특별시 송파구 신천동 29 ,"서울특별시 송파구 올림픽로 300, 엔터테인먼트동 5~11층 (신천동, 롯데월드몰)",롯데시네마 월드타워(제19관),209074.9008,445657.8093
서울특별시 송파구 신천동 29 ,"서울특별시 송파구 올림픽로 300, 엔터테인먼트동 5~11층 (신천동, 롯데월드몰)",롯데시네마 월드타워(제18관),209074.9008,445657.8093
서울특별시 송파구 신천동 29 ,"서울특별시 송파구 올림픽로 300, 엔터테인먼트동 5~11층 (신천동, 롯데월드몰)",롯데시네마 월드타워(제17관),209074.9008,445657.8093
서울특별시 송파구 신천동 29 ,"서울특별시 송파구 올림픽로 300, 엔터테인먼트동 5~11층 (신천동, 롯데월드몰)",롯데시네마 월드타워(제16관),209074.9008,445657.8093
서울특별시 송파구 신천동 29 ,"서울특별시 송파구 올림픽로 300, 엔터테인먼트동 5~11층 (신천동, 롯데월드몰)",롯데시네마 월드타워(제15관),209074.9008,445657.8093
서울특별시 송파구 신천동 29 ,"서울특별시 송파구 올림픽로 300, 엔터테인먼트동 5~11층 (신천동, 롯데월드몰)",롯데시네마 월드타워(제14관),209074.9008,445657.8093
서울특별시 송파구 신천동 29 ,"서울특별시 송파구 올림픽로 300, 엔터테인먼트동 5~11층 (신천동, 롯데월드몰)",롯데시네마 월드타워(제13관),209074.9008,445657.8093
서울특별시 송파구 신천동 29 ,"서울특별시 송파구 올림픽로 300, 엔터테인먼트동 5~11층 (신천동, 롯데월드몰)",롯데시네마 월드타워(제12관),209074.9008,445657.8093
서울특별시 송파구 신천동 29 ,"서울특별시 송파구 올림픽로 300, 엔터테인먼트동 5~11층 (신천동, 롯데월드몰)",롯데시네마 월드타워(제11관),209074.9008,445657.8093
서울특별시 송파구 신천동 29 ,"서울특별시 송파구 올림픽로 300, 엔터테인먼트동 5~11층 (신천동, 롯데월드몰)",롯데시네마 월드타워(제2관),209074.9008,445657.8093
서울특별시 송파구 신천동 29 ,"서울특별시 송파구 올림픽로 300, 엔터테인먼트동 5~11층 (신천동, 롯데월드몰)",롯데시네마 월드타워(제7관),209074.9008,445657.8093
서울특별시 송파구 신천동 29 ,"서울특별시 송파구 올림픽로 300, 엔터테인먼트동 5~11층 (신천동, 롯데월드몰)",롯데시네마 월드타워(제10관),209074.9008,445657.8093
서울특별시 송파구 신천동 29 ,"서울특별시 송파구 올림픽로 300, 엔터테인먼트동 5~11층 (신천동, 롯데월드몰)",롯데시네마 월드타워(제8관),209074.9008,445657.8093
서울특별시 송파구 신천동 29 ,"서울특별시 송파구 올림픽로 300, 엔터테인먼트동 5~11층 (신천동, 롯데월드몰)",롯데시네마 월드타워(제1관),209074.9008,445657.8093
서울특별시 강동구 성내동 549-1번지 ,서울특별시 강동구 성내로 48 (성내동),메가박스 강동3,210992.4973,447372.6172
서울특별시 송파구 신천동 29 ,"서울특별시 송파구 올림픽로 300, 엔터테인먼트동 5~11층 (신천동, 롯데월드몰)",롯데시네마 월드타워(제6관),209074.9008,445657.8093
서울특별시 송파구 신천동 29 ,"서울특별시 송파구 올림픽로 300, 엔터테인먼트동 5~11층 (신천동, 롯데월드몰)",롯데시네마 월드타워(제5관),209074.9008,445657.8093
서울특별시 송파구 신천동 29 ,"서울특별시 송파구 올림픽로 300, 엔터테인먼트동 5~11층 (신천동, 롯데월드몰)",롯데시네마 월드타워(제4관),209074.9008,445657.8093
서울특별시 송파구 신천동 29 ,"서울특별시 송파구 올림픽로 300, 엔터테인먼트동 5~11층 (신천동, 롯데월드몰)",롯데시네마 월드타워(제3관),209074.9008,445657.8093
서울특별시 강동구 성내동 549-1번지 ,서울특별시 강동구 성내로 48 (성내동),메가박스 강동1,210992.4973,447372.6172
서울특별시 강동구 성내동 549-1번지 ,서울특별시 강동구 성내로 48 (성내동),메가박스 강동2,210992.4973,447372.6172
서울특별시 강동구 성내동 549-1번지 ,서울특별시 강동구 성내로 48 (성내동),메가박스 강동4,210992.4973,447372.6172
서울특별시 강동구 성내동 549-1번지 ,서울특별시 강동구 성내로 48 (성내동),메가박스 강동6,210992.4973,447372.6172
서울특별시 강동구 성내동 44-1번지 ,서울특별시 강동구 천호옛길 85 (성내동),롯데시네마 1관,211008.0193,448270.5004
서울특별시 강동구 성내동 44-1번지 ,서울특별시 강동구 천호옛길 85 (성내동),롯데시네마 2관,211008.0193,448270.5004
서울특별시 강동구 성내동 44-1번지 ,서울특별시 강동구 천호옛길 85 (성내동),롯데시네마 3관,211008.0193,448270.5004
서울특별시 강동구 성내동 44-1번지 ,서울특별시 강동구 천호옛길 85 (성내동),롯데시네마 4관,211008.0193,448270.5004
서울특별시 강동구 성내동 44-1번지 ,서울특별시 강동구 천호옛길 85 (성내동),롯데시네마 5관,211008.0193,448270.5004
서울특별시 강동구 성내동 44-1번지 ,서울특별시 강동구 천호옛길 85 (성내동),롯데시네마 6관,211008.0193,448270.5004
서울특별시 강동구 성내동 44-1번지 ,서울특별시 강동구 천호옛길 85  (성내동),롯데시네마 7관,211008.0193,448270.5004
서울특별시 강동구 성내동 44-1번지 ,서울특별시 강동구 천호옛길 85  (성내동),롯데시네마 8관,211008.0193,448270.5004
서울특별시 강동구 성내동 44-1번지 ,서울특별시 강동구 천호옛길 85  (성내동),롯데시네마 9관,211008.0193,448270.5004
서울특별시 강동구 성내동 44-1번지 ,서울특별시 강동구 천호옛길 85 (성내동),롯데시네마 10관,211008.0193,448270.5004
서울특별시 강동구 성내동 549-1번지 ,서울특별시 강동구 성내로 48 (성내동),메가박스 강동7,210992.4973,447372.6172
서울특별시 강동구 성내동 549-1번지 ,서울특별시 강동구 성내로 48 (성내동),메가박스 강동8,210992.4973,447372.6172
서울특별시 강동구 천호동 42 ,"서울특별시 강동구 양재대로 1571, 4층 (천호동)",CGV 천호 2관,212501.3691,449282.3104
서울특별시 강동구 천호동 42 ,"서울특별시 강동구 양재대로 1571, 4층 (천호동)",CGV 천호 3관,212501.3691,449282.3104
서울특별시 강동구 천호동 42 ,"서울특별시 강동구 양재대로 1571, 4층 (천호동)",CGV 천호 4관,212501.3691,449282.3104
서울특별시 강동구 천호동 42 ,"서울특별시 강동구 양재대로 1571, 4층 (천호동)",CGV 천호 5관,212501.3691,449282.3104
서울특별시 강동구 천호동 42 ,"서울특별시 강동구 양재대로 1571, 4층 (천호동)",CGV 천호 6관,212501.3691,449282.3104
"서울특별시 동대문구 전농동 591-53 청량리민자역사 8층,9층","서울특별시 동대문구 왕산로 214, 8층,9층 (전농동, 청량리민자역사)",롯데시네마청량리 제1관,204081.2821,453187.3952
